id,member_id,loan_amnt,funded_amnt,funded_amnt_inv,term,int_rate,grade,sub_grade,emp_title,emp_length,home_ownership,annual_inc,verification_status,issue_d,url,desc,purpose,title,zip_code,addr_state,dti,delinq_2yrs,earliest_cr_line,inq_last_6mths,mths_since_last_delinq,mths_since_last_record,open_acc,pub_rec,revol_bal,revol_util,total_acc,initial_list_status,collections_12_mths_ex_med,mths_since_last_major_derog,policy_code,tot_coll_amt,tot_cur_bal,open_acc_6m,open_act_il,open_il_12m,open_il_24m,mths_since_rcnt_il,total_bal_il,il_util,open_rv_12m,open_rv_24m,max_bal_bc,all_util,total_rev_hi_lim,inq_fi,total_cu_tl,inq_last_12m,acc_open_past_24mths,avg_cur_bal,bc_open_to_buy,bc_util,chargeoff_within_12_mths,delinq_amnt,mo_sin_old_il_acct,mo_sin_old_rev_tl_op,mo_sin_rcnt_rev_tl_op,mo_sin_rcnt_tl,mort_acc,mths_since_recent_bc,mths_since_recent_bc_dlq,mths_since_recent_inq,mths_since_recent_revol_delinq,num_accts_ever_120_pd,num_actv_bc_tl,num_actv_rev_tl,num_bc_sats,num_bc_tl,num_il_tl,num_op_rev_tl,num_rev_accts,num_rev_tl_bal_gt_0,num_sats,num_tl_120dpd_2m,num_tl_30dpd,num_tl_90g_dpd_24m,num_tl_op_past_12m,pct_tl_nvr_dlq,percent_bc_gt_75,pub_rec_bankruptcies,tax_liens,tot_hi_cred_lim,total_bal_ex_mort,total_bc_limit,total_il_high_credit_limit,revol_bal_joint,sec_app_earliest_cr_line,sec_app_inq_last_6mths,sec_app_mort_acc,sec_app_open_acc,sec_app_revol_util,sec_app_open_act_il,sec_app_num_rev_accts,sec_app_chargeoff_within_12_mths,sec_app_collections_12_mths_ex_med,sec_app_mths_since_last_major_derog,year_issued,default_status
,,500,500,375.0, 36 months,8.38,A,A5,us army,2 years,RENT,33000.0,Not Verified,Sep-2007,,I am needing to get a personal loan for $2500 to pay off a gas bill that is $2300. ,other,Paying bills.,664xx,KS,2.15,0.0,Apr-1990,10.0,0.0,0.0,6.0,0.0,3461,18.6,6.0,f,0.0,,1,,,,,,,,,,,,,,,,,,,,,,0.0,0.0,,,,,,,,,,,,,,,,,,,,,,,,,,,0.0,,,,,,,,,,,,,,,,2007,0
,,6000,6000,1200.0, 36 months,13.12,D,D5,SUNY- ESF,2 years,RENT,12000.0,Not Verified,Jul-2007,,,credit_card,Credit Card,132xx,NY,4.4,0.0,Dec-2004,9.0,0.0,0.0,15.0,0.0,5251,49.3,16.0,f,,,1,,,,,,,,,,,,,,,,,,,,,,,0.0,,,,,,,,,,,,,,,,,,,,,,,,,,,,,,,,,,,,,,,,,,,2007,0
,,14700,8000,2399.994669572058, 36 months,14.38,E,E4,Labcorp,10+ years,MORTGAGE,59000.0,Not Verified,Nov-2007,,I will use this loan to consolidate credit cards used to finance a small business and living expenses. Some have intro offers that will expire soon.This loan will be used to reduce the time it will take to repay outstanding debt to 24-36 months instead of 48-60 months.,credit_card,consolidation,272xx,NC,23.86,0.0,Dec-1987,4.0,63.0,0.0,18.0,0.0,14301,60.2,50.0,f,0.0,,1,,,,,,,,,,,,,,,,,,,,,,0.0,0.0,,,,,,,,,,,,,,,,,,,,,,,,,,,0.0,,,,,,,,,,,,,,,,2007,0
,,5000,5000,1767.09, 36 months,13.43,E,E1,Ray Catena of Union LLC,3 years,MORTGAGE,98000.0,Not Verified,Nov-2007,,Refinancing high interest debt,credit_card,Refinancing Debt,103xx,NY,12.53,0.0,Jan-2000,1.0,63.0,31.0,7.0,3.0,9568,97.1,12.0,f,0.0,,1,,,,,,,,,,,,,,,,,,,,,,0.0,0.0,,,,,,,,,,,,,,,,,,,,,,,,,,,0.0,,,,,,,,,,,,,,,,2007,0
,,3750,3750,250.0, 36 months,15.65,F,F3,Private family,5 years,MORTGAGE,7280.0,Not Verified,Aug-2007,,"I have the degree, now I need the job. I am requesting a small loan so I can relocate to Chicago. The loan will cover moving expenses (I live in Florida), obtaining an apartment, and provide a financial security net while I get established. I plan to continue working as a nanny (as I have for 6 years) until I can find more lucrative employment.",moving,Recent grad needs to move to Chicago!,606xx,IL,17.31,0.0,Jan-1998,1.0,70.0,0.0,1.0,0.0,0,,4.0,f,,,1,,,,,,,,,,,,,,,,,,,,,,,0.0,,,,,,,,,,,,,,,,,,,,,,,,,,,0.0,,,,,,,,,,,,,,,,2007,0
,,9000,9000,2600.001368298364, 36 months,9.33,B,B3,Merlot,< 1 year,MORTGAGE,15000.0,Not Verified,Nov-2007,,"If I receive the loan amount I requested, I plan on using some of the money to help out with my credit card payments, auto loan, car insurance, and school loan. I also would like to use some of the money to purchase a new computer, scanner, digital camera and a large photo printer. I went to Umass to become a fine artist and if I receive this loan I will be able to finance my art work. Photography is very expensive and It would be really great to be able to produce the art work I've always dreamed about. Also, I wanted to purchase some screen printing equipment and start producing my own t-shirt designs and hopefully start a clothing line. Hopefully I can receive this loan and follow my dreams in becoming a famous artist / designer.  This loan will allow me to provide for my future and family. Thank you for your time and consideration, Joshua D Costa.",other,Multi purpose loan.,027xx,MA,13.36,0.0,Nov-1998,0.0,0.0,0.0,4.0,0.0,2588,103.5,7.0,f,0.0,,1,,,,,,,,,,,,,,,,,,,,,,0.0,0.0,,,,,,,,,,,,,,,,,,,,,,,,,,,0.0,,,,,,,,,,,,,,,,2007,0
,,15000,15000,1999.13, 36 months,8.38,A,A5,Newell Rubbermaid Co.,2 years,RENT,77000.0,Not Verified,Dec-2007,,Personal loan to furnish home with new furniture and new appliances after ex-wife took everything. ,major_purchase,Empty Home,282xx,NC,7.96,0.0,Sep-1991,0.0,0.0,0.0,7.0,0.0,0,0.0,30.0,f,0.0,,1,,,,,,,,,,,,,,,,,,,,,,0.0,0.0,,,,,,,,,,,,,,,,,,,,,,,,,,,0.0,,,,,,,,,,,,,,,,2007,0
,,1275,1275,0.0, 36 months,12.49,D,D3,Infinitely law group,1 year,RENT,40000.0,Not Verified,Jun-2007,,,other,Credit card debt,021xx,MA,10.0,,,,,,,,0,,,f,,,1,,,,,,,,,,,,,,,,,,,,,,,,,,,,,,,,,,,,,,,,,,,,,,,,,,,,,,,,,,,,,,,,,,2007,0
,,10000,10000,350.0, 36 months,9.01,B,B2,Times Herald Record,1 year,RENT,24000.0,Not Verified,Dec-2007,,need to furnish apartment and take care of expenses for christmas.,other,Personal loan,109xx,NY,5.0,0.0,Jun-2002,4.0,0.0,0.0,13.0,0.0,4698,27.6,15.0,f,0.0,,1,,,,,,,,,,,,,,,,,,,,,,0.0,0.0,,,,,,,,,,,,,,,,,,,,,,,,,,,0.0,,,,,,,,,,,,,,,,2007,0
,,12000,12000,1900.0, 36 months,11.86,D,D1,Wyndham Worldwide,2 years,MORTGAGE,150000.0,Not Verified,Dec-2007,,"Consolidating high interest cards of wife's and my own and looking to pay them off faster, by not accumulating the high interest expense each month.  Excellent income for both of us and we have never missed or been late on payments.  March 2008 bonus and tax refund to pay off remaining balances on other cards and free up additional cash flow for this loan. ",debt_consolidation,"Out With Old, In With New Lower Interest",079xx,NJ,20.48,0.0,Sep-1995,1.0,0.0,0.0,16.0,0.0,66654,51.6,34.0,f,0.0,,1,,,,,,,,,,,,,,,,,,,,,,0.0,0.0,,,,,,,,,,,,,,,,,,,,,,,,,,,0.0,,,,,,,,,,,,,,,,2007,0
,,8600,8600,800.0, 36 months,16.28,F,F5,Miami Dade College,4 years,RENT,56000.0,Not Verified,Sep-2007,,I recently got divorced and incurred various expenses. I am in desprite need of paying off credit card debt and being able to have some money to eat and put gas. ,debt_consolidation,Help with Emergency Debt,331xx,FL,11.38,2.0,Oct-2000,4.0,13.0,0.0,4.0,0.0,9221,98.1,26.0,f,0.0,,1,,,,,,,,,,,,,,,,,,,,,,0.0,0.0,,,,,,,,,,,,,,,,,,,,,,,,,,,0.0,,,,,,,,,,,,,,,,2007,0
,,500,500,125.0, 36 months,9.01,B,B2,,< 1 year,RENT,2000.0,Not Verified,Oct-2007,,I need this loan to help pay for training in a new job.,other,Loan for Job Training,727xx,AR,0.0,0.0,Feb-2007,6.0,0.0,0.0,2.0,0.0,0,0.0,2.0,f,0.0,,1,,,,,,,,,,,,,,,,,,,,,,0.0,0.0,,,,,,,,,,,,,,,,,,,,,,,,,,,0.0,,,,,,,,,,,,,,,,2007,0
,,7000,7000,75.0, 36 months,12.49,D,D3,The Grove,< 1 year,RENT,23000.0,Not Verified,Sep-2007,,I am wanting to buy an rv to put on my dads property and live in.  I will than be living rent free and will concider my loan payment as rent,other,RV,871xx,NM,5.01,0.0,Aug-2004,3.0,0.0,0.0,3.0,0.0,1061,81.9,4.0,f,0.0,,1,,,,,,,,,,,,,,,,,,,,,,0.0,0.0,,,,,,,,,,,,,,,,,,,,,,,,,,,0.0,,,,,,,,,,,,,,,,2007,0
,,24000,24000,709.15, 36 months,10.59,C,C2,Noyes Memorial Hospital,< 1 year,MORTGAGE,165000.0,Not Verified,Dec-2007,,Pay-off several debts,debt_consolidation,Personal Loan,144xx,NY,18.76,1.0,Feb-1985,4.0,19.0,0.0,22.0,0.0,81617,32.7,45.0,f,0.0,,1,,,,,,,,,,,,,,,,,,,,,,0.0,0.0,,,,,,,,,,,,,,,,,,,,,,,,,,,0.0,,,,,,,,,,,,,,,,2007,0
,,5400,5400,375.0, 36 months,9.33,B,B3,Warren Truck & Trailer,1 year,OWN,42000.0,Not Verified,Dec-2007,,"I have had several unexpected home improvements to make (heater and appliance work) and would like to get a prosper loan to pay off these unexpected purchases instead of getting stuck paying high interest rates to my credit card company.     I have always paid my bills in time and historically have paid 100% of my balance each month.  I believe I should have a higher credit score, however my young age does not help and I utilize a larger portion of my available credit than the credit bureaus like.  This high credit usage is partly from me charging all my company expenses such as fuel, flights, hotels, etc to my personal card and I am reimbursed each month.  I have a good job with good potential to earn even more than I currently bring home. ",credit_card,Consolidate Credit Cards,368xx,AL,16.09,0.0,Oct-2001,0.0,0.0,0.0,11.0,0.0,38054,61.2,12.0,f,0.0,,1,,,,,,,,,,,,,,,,,,,,,,0.0,0.0,,,,,,,,,,,,,,,,,,,,,,,,,,,0.0,,,,,,,,,,,,,,,,2007,0
,,7000,7000,1000.0, 36 months,7.43,A,A2,UPS Supply Chain Solutions,< 1 year,RENT,43000.0,Not Verified,Dec-2007,,"As a supervisor for a fortune 50 company many people who work for me have benefited from micro loans.  These are loans that can be obtained through web sites like LendingClub and Prosper at rates lower rates then traditional brick and mortar financial institutions.     I am looking for you to fund this loan so that I can reinvest in other loans.  With my good credit you can insure your will be repaid.  My good credit will help insure a good rate that provides enough margin for me to invest in other peoples loans with higher rates/risk and still come out clean.  This is a great service that allows you to earn a low risk return and allow me to potential earn a small amount on higher risk loans.  Regardless of the earning potential of reinvestment, I have plenty of liquid assets to cover this loan.",small_business,reinvest,402xx,KY,1.65,0.0,Jan-2000,0.0,0.0,0.0,7.0,0.0,2698,9.5,17.0,f,0.0,,1,,,,,,,,,,,,,,,,,,,,,,0.0,0.0,,,,,,,,,,,,,,,,,,,,,,,,,,,0.0,,,,,,,,,,,,,,,,2007,0
,,10000,10000,975.0, 36 months,13.75,E,E2,,< 1 year,RENT,35000.0,Not Verified,Aug-2007,,I found out this website from Wall Street Journal.  My main goal is to pay off all my credit card debt and start a new life asap.,debt_consolidation,CREDIT CARD DEBT,101xx,NY,17.38,0.0,Mar-2000,0.0,44.0,0.0,10.0,0.0,22213,65.9,22.0,f,,,1,,,,,,,,,,,,,,,,,,,,,,,0.0,,,,,,,,,,,,,,,,,,,,,,,,,,,0.0,,,,,,,,,,,,,,,,2007,0
,,8000,8000,4025.0, 36 months,9.96,B,B5,New England Quality Electric,3 years,OWN,25000.0,Not Verified,Aug-2007,,I would like to buy a car and fix it up to be my daily driver/track car,car,Car loan,069xx,CT,0.48,0.0,Nov-2005,1.0,0.0,0.0,3.0,0.0,316,19.2,3.0,f,,,1,,,,,,,,,,,,,,,,,,,,,,,0.0,,,,,,,,,,,,,,,,,,,,,,,,,,,0.0,,,,,,,,,,,,,,,,2007,0
,,3000,3000,2975.0, 36 months,7.75,A,A3,Impress,10+ years,OWN,125000.0,Not Verified,Aug-2007,,I wish to borrow $3000 to do landscape improvements.,home_improvement,landscape improvement,981xx,WA,2.14,0.0,Sep-1984,0.0,0.0,0.0,15.0,0.0,21050,1.0,24.0,f,0.0,,1,,,,,,,,,,,,,,,,,,,,,,0.0,0.0,,,,,,,,,,,,,,,,,,,,,,,,,,,0.0,,,,,,,,,,,,,,,,2007,0
,,8400,8400,4125.0, 36 months,15.65,F,F3,Fairhaven,8 years,RENT,36000.0,Not Verified,Nov-2007,,I am requesting this loan/amount because I need to pay back my parents the money they loaned me for a down payment on my car.,other,Peronal Loan,217xx,MD,21.5,0.0,Oct-2002,3.0,0.0,0.0,14.0,0.0,3896,34.2,24.0,f,0.0,,1,,,,,,,,,,,,,,,,,,,,,,0.0,0.0,,,,,,,,,,,,,,,,,,,,,,,,,,,0.0,,,,,,,,,,,,,,,,2007,0
,,5000,5000,2700.0, 36 months,8.7,B,B1,RGIS,< 1 year,RENT,28019.52,Not Verified,Oct-2007,,I'm a college student that is working and paying my way through school with no loans and or financial aid. I plan or getting married in feb. and in order to get married I need a dress. I found the one a want but with school and graduation around corner I can't afford it on my own so I need help.,wedding,Dream Wedding dress,323xx,FL,1.8,0.0,Apr-2005,2.0,0.0,0.0,2.0,0.0,827,51.7,2.0,f,0.0,,1,,,,,,,,,,,,,,,,,,,,,,0.0,0.0,,,,,,,,,,,,,,,,,,,,,,,,,,,0.0,,,,,,,,,,,,,,,,2007,0
,,1600,1600,1200.0, 36 months,9.96,B,B5,hunters,10+ years,RENT,18000.0,Not Verified,Nov-2007,,pay medical bills,medical,medical expenses,334xx,FL,10.33,0.0,Nov-1999,1.0,0.0,0.0,2.0,0.0,6646,100.7,3.0,f,0.0,,1,,,,,,,,,,,,,,,,,,,,,,0.0,0.0,,,,,,,,,,,,,,,,,,,,,,,,,,,0.0,,,,,,,,,,,,,,,,2007,0
,,14400,14400,2525.0, 36 months,16.59,G,G1,Best Buy,3 years,MORTGAGE,62000.0,Not Verified,Oct-2007,,"I am requesting a loan here on Lending Club to fund an operation I need to undergo and like so many now in the US, I don't have health insurance!  I hope this community of peer-to-peer lenders understand my situation and consider myself a good credit risk.  I have a perfect payment history with 0 late payments and make plenty to cover the payments of this loan.  I am employed in Retail Management and make about $60,000 a year with approximately $1,300 left each month AFTER paying ALL the bills.  Thank you in advance for your help and consideration!",medical,Don't have Health Insurance...,339xx,FL,24.45,0.0,Apr-2004,4.0,0.0,0.0,14.0,0.0,15783,74.5,17.0,f,0.0,,1,,,,,,,,,,,,,,,,,,,,,,0.0,0.0,,,,,,,,,,,,,,,,,,,,,,,,,,,0.0,,,,,,,,,,,,,,,,2007,0
,,10250,10250,925.0, 36 months,14.38,E,E4,Cuban Medical Association,4 years,RENT,72000.0,Not Verified,Oct-2007,,Looking to Consolidate High Interest Car Loans and Credit Cards. Trying to convert all my payments into ONE. Looking to relieve headaches and stress from making payments every 4 to 5 days.  Thanks,debt_consolidation,Consolidate Car Loans and Credit Cards,331xx,FL,17.83,0.0,Mar-2004,1.0,0.0,0.0,28.0,0.0,3815,6.5,32.0,f,0.0,,1,,,,,,,,,,,,,,,,,,,,,,0.0,0.0,,,,,,,,,,,,,,,,,,,,,,,,,,,0.0,,,,,,,,,,,,,,,,2007,0
,,5600,5600,199.998388596677, 36 months,10.28,C,C1,,< 1 year,RENT,5000.0,Not Verified,Nov-2007,,"I have a 2 month old baby and I am living with my parents. They are kicking me and my baby out. So I need to get an apartment and stuff I need to go within the apartment. I also need a car and get some insurance. Im currently looking for a job so I will pay the money back. I promise. I just need something to get started. If I can't get 7,000 then anything would be a big help. It will be a HUGE help! I will appreciate it very much! Please help me.",moving,Need In a HURRY!,295xx,SC,0.0,0.0,Mar-2007,3.0,0.0,0.0,3.0,0.0,0,0.0,3.0,f,0.0,,1,,,,,,,,,,,,,,,,,,,,,,0.0,0.0,,,,,,,,,,,,,,,,,,,,,,,,,,,0.0,,,,,,,,,,,,,,,,2007,0
,,18500,18500,156.7, 36 months,10.91,C,C3,liberty denim inc,2 years,MORTGAGE,52000.0,Not Verified,Dec-2007,,"I want to reduce high interest credit cards and get this money paid off. We have an household income of 90,000 and have always paid our debts.",credit_card,consolidate,296xx,SC,17.56,1.0,Nov-1985,0.0,17.0,0.0,12.0,0.0,32438,43.0,23.0,f,0.0,,1,,,,,,,,,,,,,,,,,,,,,,0.0,0.0,,,,,,,,,,,,,,,,,,,,,,,,,,,0.0,,,,,,,,,,,,,,,,2007,0
,,20000,20000,225.0, 36 months,11.22,C,C4,US Air Force,10+ years,RENT,38556.0,Not Verified,Dec-2007,,Loan to consolidate debt,debt_consolidation,Debt Consolidation Loan,871xx,NM,14.04,0.0,Jan-2003,3.0,0.0,0.0,8.0,0.0,21777,53.7,14.0,f,0.0,,1,,,,,,,,,,,,,,,,,,,,,,0.0,0.0,,,,,,,,,,,,,,,,,,,,,,,,,,,0.0,,,,,,,,,,,,,,,,2007,0
,,6000,6000,500.0, 36 months,11.86,D,D1,Latin American Health Institute,4 years,RENT,37000.0,Not Verified,Dec-2007,,I'm a master's level professional Latina currently going through the Green Card Process. Unfortunately the fees to apply for Permanent Residence in the U.S. have gone up dramatically and I find myself in need of a loan to be able accomplish this goal.,other,Green,021xx,MA,4.54,0.0,May-2005,0.0,0.0,0.0,6.0,0.0,6232,60.5,8.0,f,0.0,,1,,,,,,,,,,,,,,,,,,,,,,0.0,0.0,,,,,,,,,,,,,,,,,,,,,,,,,,,0.0,,,,,,,,,,,,,,,,2007,0
,,5000,5000,750.0, 36 months,13.75,E,E2,Cicero Solutions,< 1 year,MORTGAGE,100000.0,Not Verified,Aug-2007,,I need to refinance my Bank of America credit card which is at a high interest rate.,credit_card,Refinance high rate credit card,852xx,AZ,6.2,0.0,Feb-2002,10.0,46.0,0.0,5.0,0.0,9501,64.6,6.0,f,,,1,,,,,,,,,,,,,,,,,,,,,,,0.0,,,,,,,,,,,,,,,,,,,,,,,,,,,0.0,,,,,,,,,,,,,,,,2007,0
,,6000,6000,1600.0, 36 months,14.7,E,E5,national employment,1 year,MORTGAGE,22000.0,Not Verified,Aug-2007,,I am lookin g to close out several 'small cards' and newer accounts that have high interest and are hurting my score because of percentage utilized.  I have never paid late and have an excellent job.,debt_consolidation,0 Lates Debt Consolidation. Improve Scre,038xx,NH,20.0,0.0,Jun-2000,19.0,0.0,0.0,17.0,0.0,15782,36.2,17.0,f,0.0,,1,,,,,,,,,,,,,,,,,,,,,,0.0,0.0,,,,,,,,,,,,,,,,,,,,,,,,,,,0.0,,,,,,,,,,,,,,,,2007,0
,,12000,12000,1975.00261035473, 36 months,14.38,E,E4,Ferndale Labs,4 years,MORTGAGE,81600.0,Not Verified,Dec-2007,,Consolidate Debt,debt_consolidation,consolidation,130xx,NY,19.49,0.0,Jul-2001,14.0,37.0,0.0,15.0,0.0,5191,48.1,31.0,f,0.0,,1,,,,,,,,,,,,,,,,,,,,,,0.0,0.0,,,,,,,,,,,,,,,,,,,,,,,,,,,0.0,,,,,,,,,,,,,,,,2007,0
,,1000,1000,850.0, 36 months,15.01,F,F1,Coldwell Banker Gordon Co. Realtors,1 year,RENT,17280.0,Not Verified,Jul-2007,,The purpose of this loan is to pay off high-interest credit cards and close these accounts in order to achieve better credit.,debt_consolidation,Credit Card Payoff,651xx,MO,20.0,0.0,Aug-2004,2.0,0.0,0.0,12.0,0.0,2484,35.4,22.0,f,,,1,,,,,,,,,,,,,,,,,,,,,,,0.0,,,,,,,,,,,,,,,,,,,,,,,,,,,,,,,,,,,,,,,,,,,2007,0
,,9000,9000,758.48, 36 months,10.91,C,C3,Snelson Co. inc,< 1 year,RENT,80000.0,Not Verified,Dec-2007,,to pay off a high rate credit card and auto loan,credit_card,consolidate,110xx,NY,17.17,0.0,May-1997,0.0,34.0,0.0,7.0,0.0,7570,82.3,16.0,f,0.0,,1,,,,,,,,,,,,,,,,,,,,,,0.0,0.0,,,,,,,,,,,,,,,,,,,,,,,,,,,0.0,,,,,,,,,,,,,,,,2007,0
,,19950,19950,675.0, 36 months,9.96,B,B5,Massachusetts Institute of Technology,10+ years,MORTGAGE,116000.0,Not Verified,Nov-2007,,"I bought my very first home (a condo) 21 months ago, using all of my savings for the down payment. That left me with no money for furniture, and I owned barely more than a futon. I used my credit card (BoA, 15.5%) to buy  furniture, and would like to pay off this debt quicker with a loan at a lower rate.",credit_card,Pay Credit Card Balance,018xx,MA,13.07,0.0,Jan-1979,0.0,0.0,0.0,7.0,0.0,33989,82.9,16.0,f,0.0,,1,,,,,,,,,,,,,,,,,,,,,,0.0,0.0,,,,,,,,,,,,,,,,,,,,,,,,,,,0.0,,,,,,,,,,,,,,,,2007,0
,,12125,12125,5075.0, 36 months,8.7,B,B1,Northwestern Mutual Life Insurance,10+ years,MORTGAGE,150000.0,Not Verified,Sep-2007,,I have taken on credit card debt with several different cards.  This loan will allow me to consolidate that debt at a significantly lower interest rate.  Thanks Lending Club.,debt_consolidation,Get rid of these cards,115xx,NY,4.8,0.0,Feb-1971,0.0,0.0,0.0,10.0,0.0,61921,39.1,27.0,f,0.0,,1,,,,,,,,,,,,,,,,,,,,,,0.0,0.0,,,,,,,,,,,,,,,,,,,,,,,,,,,0.0,,,,,,,,,,,,,,,,2007,0
,,1000,1000,465.27, 36 months,9.64,B,B4,RPS Dining Service,< 1 year,RENT,5000.0,Not Verified,Dec-2007,,I have a reserve credit account on my bank account ($500) and a credit card ($580) that I need to pay off before they get any more out of hand.  With this loan I will be able to pay them off at a much better interest rate.  These debts have been weighing on my conscience and making a stressful college courseload that much more stressful.,debt_consolidation,Paying off Debt,474xx,IN,18.0,0.0,Aug-2004,2.0,0.0,0.0,5.0,0.0,961,26.0,7.0,f,0.0,,1,,,,,,,,,,,,,,,,,,,,,,0.0,0.0,,,,,,,,,,,,,,,,,,,,,,,,,,,0.0,,,,,,,,,,,,,,,,2007,0
,,3000,3000,2550.0, 36 months,10.28,C,C1,Oracle,2 years,MORTGAGE,200000.0,Not Verified,Jul-2007,,"I bought a few months ago a cool duplex in the fast gentrifying Harlem neigborhood in Manhattan.  The apartment comes with a private roofdeck, which I'd like to improve.  Since Summer is here, I would like to do this now... Lending Club sounds like a great way of getting a loan without having to go through a bank, so I'm curious to see what I can get.  I'm highly educated, professionally successful and financially stable, just interested in exploring alternative financing options.",home_improvement,Roofdeck for my new NYC apartment,100xx,NY,0.0,1.0,Feb-1997,0.0,19.0,0.0,5.0,0.0,0,0.0,8.0,f,,,1,,,,,,,,,,,,,,,,,,,,,,,0.0,,,,,,,,,,,,,,,,,,,,,,,,,,,,,,,,,,,,,,,,,,,2007,0
,,10500,10500,225.0, 36 months,11.86,D,D1,Mustang Enterprises,1 year,RENT,50000.0,Not Verified,Sep-2007,,unsecured consolidation loan that will be used to pay off credit cards to help lower monthly payments,debt_consolidation,unsecured consolidation,712xx,LA,13.8,0.0,Sep-2003,5.0,0.0,0.0,16.0,0.0,18927,77.9,26.0,f,0.0,,1,,,,,,,,,,,,,,,,,,,,,,0.0,0.0,,,,,,,,,,,,,,,,,,,,,,,,,,,0.0,,,,,,,,,,,,,,,,2007,0
,,7500,7500,400.0, 36 months,8.07,A,A4,Alliance Financial,1 year,MORTGAGE,150000.0,Not Verified,Aug-2007,,$7500 loan to finish building home.,home_improvement,FOXBORO,023xx,MA,2.72,0.0,May-1993,4.0,0.0,0.0,15.0,0.0,23678,24.4,60.0,f,,,1,,,,,,,,,,,,,,,,,,,,,,,0.0,,,,,,,,,,,,,,,,,,,,,,,,,,,,,,,,,,,,,,,,,,,2007,0
,,2100,2100,1825.0, 36 months,7.12,A,A1,,< 1 year,RENT,110000.0,Not Verified,Oct-2007,,Looking to consolidate higher interest rate debt,debt_consolidation,Debt consolidation,024xx,MA,0.22,0.0,May-1963,0.0,0.0,0.0,4.0,0.0,50,0.3,6.0,f,0.0,,1,,,,,,,,,,,,,,,,,,,,,,0.0,0.0,,,,,,,,,,,,,,,,,,,,,,,,,,,0.0,,,,,,,,,,,,,,,,2007,0
,,1400,1400,475.0, 36 months,10.91,C,C3,"Stanford University Libraries, LOCKSS Project",< 1 year,RENT,40000.0,Not Verified,Jun-2007,,"I'm starting full-time work as a programmer with Stanford University in a few weeks, but I need to move  before my first paycheck. Most of the money will go to the deposit and first month's rent on an apartment.",other,Starting a new job in a new city,652xx,MO,8.61,,,,,,,,0,,,f,,,1,,,,,,,,,,,,,,,,,,,,,,,,,,,,,,,,,,,,,,,,,,,,,,,,,,,,,,,,,,,,,,,,,,2007,0
,,12000,12000,1525.0, 36 months,15.96,F,F4,VENSOFT LLC,2 years,RENT,80000.0,Not Verified,Oct-2007,,"I am working as an IT professional in a reputed organization. My wife is pursuing her MS. I can not bear all these expenses at a time. I will be able to pay the amount in installments. I need to pay her term fees and expenses for books and etc. My Annual Income is $80,000. I do have a car loan for which i am paying $250 per month.  Monthly net income: $ 5000  Monthly Expenses: $ 2,800 Housing: $ 600 Insurance: $ 300 Car expenses: $ 250 Utilities: $ 80 Phone, cable, internet: $ 70 Food, entertainment: $ 350 Clothing, household expenses $ 150 Credit cards and other loans: $ 300 Other expenses: $ 700 Total Net Income after Expenses: $ 2,200  This leaves me with $2,200 available to pay back this loan. I will also be setting up automatic monthly payments through my bank account. Thanks in advance for your consideration",educational,Financing for My Wife's Education,314xx,GA,4.61,0.0,Nov-2006,12.0,0.0,0.0,2.0,0.0,339,82.7,3.0,f,0.0,,1,,,,,,,,,,,,,,,,,,,,,,0.0,0.0,,,,,,,,,,,,,,,,,,,,,,,,,,,0.0,,,,,,,,,,,,,,,,2007,0
,,9175,9175,1074.999663903533, 36 months,14.67,E,E5,"Management Consulting, Inc",< 1 year,MORTGAGE,36000.0,Not Verified,Oct-2007,,I am looking to purchase an investment property.  These funds would be used for down payment and home improvement cost. ,house,Seeking Capital for Investment Property,207xx,MD,0.33,0.0,Oct-2006,8.0,0.0,0.0,7.0,0.0,136,1.1,7.0,f,0.0,,1,,,,,,,,,,,,,,,,,,,,,,0.0,0.0,,,,,,,,,,,,,,,,,,,,,,,,,,,0.0,,,,,,,,,,,,,,,,2007,0
,,8000,8000,1525.0, 36 months,14.7,E,E5,Westlake Reed Leskosky,< 1 year,RENT,52800.0,Not Verified,Dec-2007,,Recently I've been working on lowering the interest rate on my debt.  I have moved some to a couple credit cards with much lower rate that I'm comfortable with and have been paying those down steadily.  I have one credit card and a line of credit whose rates are higher than I would like.  This money will consolidate one credit cards and one personal loan whose interest rates are in the 20-24% range.,debt_consolidation,Consolidating Debt at a Lower Rate,200xx,DC,18.52,0.0,Oct-1997,2.0,33.0,0.0,13.0,0.0,20383,67.9,27.0,f,0.0,,1,,,,,,,,,,,,,,,,,,,,,,0.0,0.0,,,,,,,,,,,,,,,,,,,,,,,,,,,0.0,,,,,,,,,,,,,,,,2007,0
,,19650,19650,5275.0, 36 months,17.54,G,G4,university of maryland,9 years,MORTGAGE,45000.0,Not Verified,Nov-2007,,"to payoff credit cards and get my credit profile back on line to save money to help my children purchase there oun to house someday. We as my wife and myself never been late on any bills, our credit scores are not as high as we would like, but do to our debt ratio the credit scores are low.",debt_consolidation,need to payoff credit cards,217xx,MD,25.63,0.0,Jun-2000,19.0,0.0,0.0,17.0,0.0,35460,86.7,61.0,f,0.0,,1,,,,,,,,,,,,,,,,,,,,,,0.0,0.0,,,,,,,,,,,,,,,,,,,,,,,,,,,0.0,,,,,,,,,,,,,,,,2007,0
,,10000,10000,3687.83, 36 months,8.07,A,A4,Cambium Learning,3 years,MORTGAGE,85000.0,Not Verified,Nov-2007,,We can no longer wait to replace the roof. Too many leaks and winter is coming soon.  A necessary evil.,home_improvement,New Roof,024xx,MA,3.11,0.0,Feb-1993,0.0,0.0,0.0,6.0,0.0,37152,3.7,12.0,f,0.0,,1,,,,,,,,,,,,,,,,,,,,,,0.0,0.0,,,,,,,,,,,,,,,,,,,,,,,,,,,0.0,,,,,,,,,,,,,,,,2007,0
,,5000,5000,1276.863280352473, 36 months,12.8,D,D4,Tax Wizards,10+ years,MORTGAGE,48000.0,Not Verified,Dec-2007,,Buying new furniture.,other,John ,080xx,NJ,27.6,1.0,Aug-1992,6.0,16.0,0.0,14.0,0.0,16513,30.9,36.0,f,0.0,,1,,,,,,,,,,,,,,,,,,,,,,0.0,0.0,,,,,,,,,,,,,,,,,,,,,,,,,,,0.0,,,,,,,,,,,,,,,,2007,0
,,3000,3000,1300.0, 36 months,13.75,E,E2,ranstad inhouse services,< 1 year,RENT,12000.0,Not Verified,Aug-2007,,I have a credit card debt id like to clear. i owe the cable and internet company. I would like to secure my rent for the month and have enough money to stock my refrigerator so i can last until i get my first few checks from my new job.,debt_consolidation,Clearing debt,321xx,FL,19.3,1.0,Jan-1992,4.0,9.0,0.0,12.0,0.0,2545,14.4,14.0,f,,,1,,,,,,,,,,,,,,,,,,,,,,,0.0,,,,,,,,,,,,,,,,,,,,,,,,,,,0.0,,,,,,,,,,,,,,,,2007,0
,,5350,5350,625.0, 36 months,13.12,D,D5,Clinton Shop Rite of Hunterdon County,1 year,OWN,4000.0,Not Verified,Jul-2007,,,car,I need to pay off my parents for my car.,088xx,NJ,15.0,0.0,Dec-2006,1.0,0.0,0.0,1.0,0.0,0,,1.0,f,,,1,,,,,,,,,,,,,,,,,,,,,,,0.0,,,,,,,,,,,,,,,,,,,,,,,,,,,,,,,,,,,,,,,,,,,2007,0
,,4000,4000,1850.0, 36 months,11.22,C,C4,Jefferosn Parish,6 years,MORTGAGE,33000.0,Not Verified,Nov-2007,,I just need a loan to pay off a couple of credit cards and a loan to a family member. ,debt_consolidation,Debt Pay-Off,700xx,LA,15.27,0.0,May-2000,4.0,24.0,0.0,7.0,0.0,3323,32.6,18.0,f,0.0,,1,,,,,,,,,,,,,,,,,,,,,,0.0,0.0,,,,,,,,,,,,,,,,,,,,,,,,,,,0.0,,,,,,,,,,,,,,,,2007,0
,,7000,7000,858.53, 36 months,12.17,D,D2,Ikon Office Solutions,10+ years,MORTGAGE,43000.0,Not Verified,Nov-2007,,restructure debt,debt_consolidation,consolidate debt,630xx,MO,11.58,0.0,Oct-1990,6.0,33.0,0.0,8.0,0.0,2778,99.2,33.0,f,0.0,,1,,,,,,,,,,,,,,,,,,,,,,0.0,0.0,,,,,,,,,,,,,,,,,,,,,,,,,,,0.0,,,,,,,,,,,,,,,,2007,0
,,10500,4000,1150.0, 36 months,16.91,G,G2,"VUTEC, CORP",4 years,RENT,68000.0,Not Verified,Jul-2007,,i need refi and consolidate my debts,credit_card,refi,333xx,FL,19.62,1.0,Dec-2001,3.0,6.0,0.0,7.0,0.0,1943,25.6,11.0,f,,,1,,,,,,,,,,,,,,,,,,,,,,,0.0,,,,,,,,,,,,,,,,,,,,,,,,,,,,,,,,,,,,,,,,,,,2007,0
,,20000,15000,1175.006207570089, 36 months,12.8,D,D4,DOUBLETREE HOTEL,10+ years,OWN,60000.0,Not Verified,Dec-2007,,to purchase inventory for my health buisness. I already have inventory pre sold. I sell therapeutic supplements. My orders have grown so much I dont have enough capital to fill them. It is however a nice problem to have.,small_business,Personal Line of Credit,145xx,NY,22.44,2.0,Aug-1994,5.0,13.0,0.0,3.0,0.0,23,1.3,15.0,f,0.0,,1,,,,,,,,,,,,,,,,,,,,,,0.0,0.0,,,,,,,,,,,,,,,,,,,,,,,,,,,0.0,,,,,,,,,,,,,,,,2007,0
,,8550,8550,1174.995273228274, 36 months,17.22,G,G3,brokers int'l group.llc,1 year,RENT,60000.0,Not Verified,Oct-2007,,"this loan is to complete the purchase of a small restaurant in my area, where I will sell all trypes of intrernational foods, especially tech mex and latin american specialities",small_business,business investment,331xx,FL,8.84,0.0,Sep-2005,4.0,0.0,0.0,6.0,0.0,5059,79.0,6.0,f,0.0,,1,,,,,,,,,,,,,,,,,,,,,,0.0,0.0,,,,,,,,,,,,,,,,,,,,,,,,,,,0.0,,,,,,,,,,,,,,,,2007,0
,,8575,8575,1423.82, 36 months,14.38,E,E4,kaleida health,2 years,MORTGAGE,55000.0,Not Verified,Dec-2007,,"Down payment on 3 unit,brings in 1200 per month,bid price 39,000.It should aprise for 60,000.Already have 2a 2 unit brings in 900 per month worth 50,000",house,Farmer 129,142xx,NY,12.87,0.0,Jan-1999,13.0,29.0,0.0,17.0,0.0,4776,27.9,19.0,f,0.0,,1,,,,,,,,,,,,,,,,,,,,,,0.0,0.0,,,,,,,,,,,,,,,,,,,,,,,,,,,0.0,,,,,,,,,,,,,,,,2007,0
,,7200,7200,1849.993412384937, 36 months,14.38,E,E4,Caesars Indiana,7 years,MORTGAGE,53000.0,Not Verified,Dec-2007,,"I have about $5000 of my own money. I need more to buy an engagement ring for the woman of my dreams. She doesn't know that this is going to happen, and regardless of where or how I get the money it will. She is the most amazing woman I have ever known and I want to ask her to marry me. She deserves nothing but the best and I am looking at buying a solitare in the range of 2.0 to 4.0, depending on how much money I can come up with. Sure it shouldn't matter how big or how nice the diamond is, but again, I want to show her just how much she means by getting something nice and special.   Thank you.",major_purchase,Changing my life,471xx,IN,15.65,0.0,Apr-2002,20.0,0.0,0.0,10.0,0.0,11796,74.7,17.0,f,0.0,,1,,,,,,,,,,,,,,,,,,,,,,0.0,0.0,,,,,,,,,,,,,,,,,,,,,,,,,,,0.0,,,,,,,,,,,,,,,,2007,0
,,22350,22350,486.128661406377, 36 months,14.07,E,E3,Aufrichtig & Aufrichtig,1 year,OWN,135000.0,Not Verified,Dec-2007,,money for home improvement,home_improvement,home,100xx,NY,3.66,3.0,Feb-1992,2.0,4.0,0.0,8.0,0.0,10753,52.3,15.0,f,0.0,,1,,,,,,,,,,,,,,,,,,,,,,0.0,0.0,,,,,,,,,,,,,,,,,,,,,,,,,,,0.0,,,,,,,,,,,,,,,,2007,1
,,9000,9000,749.998580969832, 36 months,12.49,D,D3,AXA-Equitable,3 years,RENT,60000.0,Not Verified,Dec-2007,,"The purpose of this loan would be to make my life somewhat easier. I have three seperate credit cards with high interest rates that I would like to consolidate to one monthly payment, with lower interest.",debt_consolidation,Consolidate Debt,070xx,NJ,4.64,2.0,Nov-2001,0.0,3.0,0.0,10.0,0.0,8355,34.4,12.0,f,0.0,,1,,,,,,,,,,,,,,,,,,,,,,0.0,0.0,,,,,,,,,,,,,,,,,,,,,,,,,,,0.0,,,,,,,,,,,,,,,,2007,1
,,2100,2100,1099.995903836064, 36 months,12.49,D,D3,Aramark and Domino's,< 1 year,RENT,12500.0,Not Verified,Oct-2007,,I need this loan for a few different reasons:  I need to fix the transmission on my car and the mechanic quoted me $700  I want to pay off the remainder of my credit card debt which stands at $450  I want to have money to apply to grad schools.  I recently graduated with my B.A. and I want to pursue my M.F.A.  Each grad school application is $150 and the GRE (Which I need to take) costs $100,debt_consolidation,Consolidation Loan,287xx,NC,14.4,0.0,Sep-2003,1.0,0.0,0.0,3.0,0.0,458,91.6,3.0,f,0.0,,1,,,,,,,,,,,,,,,,,,,,,,0.0,0.0,,,,,,,,,,,,,,,,,,,,,,,,,,,0.0,,,,,,,,,,,,,,,,2007,1
,,10000,10000,1825.004737733139, 36 months,9.01,B,B2,Foisi Broadcasting Network,< 1 year,MORTGAGE,275000.0,Not Verified,Nov-2007,,Loan to be used for Furniture ,home_improvement,"$10,000 Loan",117xx,NY,2.97,0.0,May-1994,2.0,28.0,0.0,4.0,0.0,481,80.2,17.0,f,0.0,,1,,,,,,,,,,,,,,,,,,,,,,0.0,0.0,,,,,,,,,,,,,,,,,,,,,,,,,,,0.0,,,,,,,,,,,,,,,,2007,1
,,20000,20000,16755.89292825827, 36 months,14.5,E,E2,Anoka County and State of Minnesota,10+ years,MORTGAGE,83000.0,Verified,Apr-2008,,"Repayment of credit card balance.  Interest rates are excessive.  Although I have never missed a payment.  Would like to use the extra savings to pay down balance faster and close the credit cards. I am trying to implement a 3 year plan to be debt free.  I unfortunately have used my credit unwisely.  My income supports the payments, however it seems I am getting no-where. ",debt_consolidation,lower monthly payments/interest,550xx,MN,25.4,0.0,Mar-1990,0.0,,,10.0,0.0,26938,75.9,17.0,f,0.0,,1,,,,,,,,,,,,,,,,,,,,,,0.0,0.0,,,,,,,,,,,,,,,,,,,,,,,,,,0.0,0.0,,,,,,,,,,,,,,,,2008,0
,,5500,5500,715.297509814872, 36 months,12.29,C,C5,Trader Joes,5 years,RENT,34000.0,Not Verified,Jul-2008,,"I'm requesting the above amount in order to accomplish more of my financial goals.  My current APR for my Platinum card is absolutely killing me at 23%.  I've accomplished a great amount of financial goals this year and now this is another I need to check off.  I'm a responsible borrower, and I've already used LendingClub as a lender and completely repaid the loan in a timely manner, it is time to use this great service once again.  Thanks Again LC!",credit_card,Good bye Plantinum card!!!,914xx,CA,20.56,0.0,Aug-2004,1.0,,,5.0,0.0,4029,24.0,6.0,f,0.0,,1,,,,,,,,,,,,,,,,,,,,,,0.0,0.0,,,,,,,,,,,,,,,,,,,,,,,,,,0.0,0.0,,,,,,,,,,,,,,,,2008,0
,,19000,19000,5177.99, 36 months,12.29,C,C5,PricewaterhouseCoopers,2 years,RENT,105000.0,Not Verified,Mar-2008,,"I would like to borrow the sum of $19,000, and utilize these funds for the exclusive purpose of consolidating my existing credit card debt, and pay it off within 36 months.  The reason for the accumulation of credit card debt in 2007 was that I required several thousand dollars worth of dental work, of which merely $2,000 was covered by dental insurance.  I would sincerely appreciate a loan in the amount of $19,000 in order to consolidate this debt. ",debt_consolidation,Debt Consolidation,070xx,NJ,10.01,3.0,Oct-1993,1.0,12.0,0.0,19.0,0.0,19368,38.6,35.0,f,0.0,,1,,,,,,,,,,,,,,,,,,,,,,0.0,0.0,,,,,,,,,,,,,,,,,,,,,,,,,,,0.0,,,,,,,,,,,,,,,,2008,0
,,2050,2050,1170.12, 36 months,14.5,E,E2,,< 1 year,OWN,22500.0,Not Verified,Feb-2008,,"All my Credit Cards: Whasington Mutal, Home Depot, and HSBC Credit Company. Also 2 Personal Loans.",debt_consolidation,Pay Off Credit Cards and Personal Loans,935xx,CA,27.73,0.0,Mar-2000,1.0,0.0,0.0,3.0,0.0,1597,88.7,5.0,f,0.0,,1,,,,,,,,,,,,,,,,,,,,,,0.0,0.0,,,,,,,,,,,,,,,,,,,,,,,,,,,0.0,,,,,,,,,,,,,,,,2008,0
,,4475,4475,930.416876055372, 36 months,9.45,B,B1,nickerson realty,10+ years,RENT,63996.0,Not Verified,Jun-2008,, i would like to update my electronics equipment.,home_improvement,electronics,191xx,PA,9.17,0.0,Jul-1992,8.0,70.0,,7.0,0.0,4764,58.1,14.0,f,0.0,,1,,,,,,,,,,,,,,,,,,,,,,0.0,0.0,,,,,,,,,,,,,,,,,,,,,,,,,,0.0,0.0,,,,,,,,,,,,,,,,2008,0
,,5000,4100,677.872253825206, 36 months,14.12,D,D5,nz tradeing/wsm,3 years,MORTGAGE,72000.0,Verified,Aug-2008,,"i have 5000 balance on my car,like to payoff,so i can get only a liability insurance,that will save me money to payoff this amount",other,payy off the balance,770xx,TX,1.57,2.0,Jan-2004,3.0,12.0,,10.0,0.0,3842,27.4,19.0,f,0.0,,1,,,,,,,,,,,,,,,,,,,,,,0.0,0.0,,,,,,,,,,,,,,,,,,,,,,,,,,0.0,0.0,,,,,,,,,,,,,,,,2008,0
,,8500,8500,4159.231882566558, 36 months,13.55,D,D4,Diesel  and  Equipment Specialists,6 years,RENT,28700.0,Not Verified,Mar-2008,,I am applying for a loan to help consolidate credit card payments and secure a better interest rate in order to help pay off the amount owed faster. ,debt_consolidation,Debt Consolidation Loan Request,199xx,DE,17.56,0.0,Dec-2002,1.0,0.0,0.0,7.0,0.0,17488,90.6,10.0,f,0.0,,1,,,,,,,,,,,,,,,,,,,,,,0.0,0.0,,,,,,,,,,,,,,,,,,,,,,,,,,,0.0,,,,,,,,,,,,,,,,2008,0
,,16000,16000,6674.382700796785, 36 months,13.04,C,C5,progressive insurance,< 1 year,MORTGAGE,74000.0,Not Verified,Nov-2008,,"I am an senior programmer anaylst seeking to consolidate my entire credit card debt into one single payment. I am honest, hard working individual and willing to pay the loan back before the 36 month period.   If any one is willing please give a call 216-854-1068 to further discuss my situation. Thanks",debt_consolidation,Need load to consolidate credit card deb,442xx,OH,6.11,0.0,Mar-2002,5.0,,,8.0,0.0,16917,71.1,14.0,f,0.0,,1,,,,,,,,,,,,,,,,,,,,,,0.0,0.0,,,,,,,,,,,,,,,,,,,,,,,,,,0.0,0.0,,,,,,,,,,,,,,,,2008,0
,,3250,3250,3025.0, 36 months,17.66,G,G2,grand ledge public schools,10+ years,MORTGAGE,44000.0,Not Verified,Mar-2008,,"Looking for a loan, which I can pay off over 6 months to a year.  I have some unexpected medical expensives",medical,personal loan,488xx,MI,26.84,1.0,Sep-1963,4.0,6.0,,7.0,0.0,31416,97.6,31.0,f,0.0,,1,,,,,,,,,,,,,,,,,,,,,,0.0,0.0,,,,,,,,,,,,,,,,,,,,,,,,,,0.0,0.0,,,,,,,,,,,,,,,,2008,0
,,18500,18500,6650.0, 36 months,15.45,E,E5,USPS,10+ years,MORTGAGE,70346.0,Not Verified,Feb-2008,,We have added another wage earner in the family and  are working on paying down Credit Card debt incurred during a tight period of time.  Two of our Cards went up to 20% and we are working to get the interest rate down and pay them down.  We are also in the process of selling one vehicle which will free up an additional $550 a month to put on credit.  We are highly committed to getting out of debt.  I have been employed by the United States Postal Service for 25 years.,credit_card,Credit Card Consolidation,750xx,TX,28.78,0.0,Jun-1987,1.0,0.0,0.0,17.0,0.0,69744,76.1,31.0,f,0.0,,1,,,,,,,,,,,,,,,,,,,,,,0.0,0.0,,,,,,,,,,,,,,,,,,,,,,,,,,,0.0,,,,,,,,,,,,,,,,2008,0
,,13000,13000,7700.0, 36 months,15.13,E,E4,General Motors,7 years,RENT,78000.0,Not Verified,Feb-2008,,I am attempting to consolidate all my credit cards and pay them off all at once.  ,debt_consolidation,Credit Card Consolidation,480xx,MI,29.28,0.0,Dec-1998,3.0,0.0,0.0,6.0,0.0,61057,80.7,17.0,f,0.0,,1,,,,,,,,,,,,,,,,,,,,,,0.0,0.0,,,,,,,,,,,,,,,,,,,,,,,,,,,0.0,,,,,,,,,,,,,,,,2008,0
,,750,750,725.0, 36 months,12.29,C,C5,Whole Foods Market,< 1 year,RENT,19000.0,Not Verified,Feb-2008,,"I just need a little help paying down debt to improve my credit score, and get my finances in better control. I am also interested in the social finance model and would like to start investing in sites like Lending Club after I try out a small loan.",credit_card,Paying down credit card debt,802xx,CO,24.0,0.0,Sep-2000,0.0,0.0,0.0,8.0,0.0,12220,84.9,8.0,f,0.0,,1,,,,,,,,,,,,,,,,,,,,,,0.0,0.0,,,,,,,,,,,,,,,,,,,,,,,,,,,0.0,,,,,,,,,,,,,,,,2008,0
,,7000,7000,0.0, 36 months,8.0,A,A3,E² Inc.,2 years,RENT,44500.0,Not Verified,May-2008,,"This loan will cover the difference between the down payment and sale amount for a 1998 Chrysler Town and Country.  With baby #1 on the way, its time for a mini-van!",car,Town and Country Minivan,229xx,VA,7.77,0.0,Oct-1997,1.0,27.0,,10.0,0.0,6301,22.7,21.0,f,0.0,,1,,,,,,,,,,,,,,,,,,,,,,0.0,0.0,,,,,,,,,,,,,,,,,,,,,,,,,,0.0,0.0,,,,,,,,,,,,,,,,2008,0
,,6400,3575,2204.3, 36 months,14.5,E,E2,self employed,6 years,MORTGAGE,90000.0,Not Verified,Apr-2008,,"Hi,     I am in the finanical services industry, and as most of you know the past 12 months have not been the best for many people who have invested, only to see their investments returns deliver below their expectations.     With that being said, I have had to revaluate how I conduct my business in terms of what a proper investment should be in these uncertain times.     The value of an investment should consider, what would be termed the 3 ""P""s.      ""Protect"": the investment should be protected from any and all loses. Never a loss of a penny of capital. ""It is easier to make a dollar than to make up a loss."" Anon.      ""Preserved"": the investment should be long term in nature, and by understanding this issue, we add real value to our future.      ""Prosper"": the investment should be able to achieve superior returns.       After repositioning myself, with a new way of thinking for the benifit of my clients, I found an unique class asset, that combined the safety of T-bills, and the return of hedge funds.         Take a look at the web presentation:         nomarketrisk.com        Due to the start up cost, and the 90 day delay in being paid commissions, I am requesting a short term 36 month loan of $6,400.               This will allow me to pay my most basic expenses for the next 180 days, while I market this investment to new qualified clients.         Thank you for your consideration.",debt_consolidation,Working Capital,770xx,TX,9.37,0.0,Jun-2000,1.0,,,11.0,0.0,20827,74.4,13.0,f,0.0,,1,,,,,,,,,,,,,,,,,,,,,,0.0,0.0,,,,,,,,,,,,,,,,,,,,,,,,,,0.0,0.0,,,,,,,,,,,,,,,,2008,0
,,8000,8000,4085.08, 36 months,13.55,D,D4,ASU University,< 1 year,RENT,52000.0,Not Verified,Feb-2008,,I need a loan for $8000 so i can refinance two credit cards that have a high interest rate on them.,credit_card,Refinancing credit card,853xx,AZ,27.05,0.0,Sep-2000,2.0,31.0,0.0,15.0,0.0,11023,59.9,29.0,f,0.0,,1,,,,,,,,,,,,,,,,,,,,,,0.0,0.0,,,,,,,,,,,,,,,,,,,,,,,,,,,0.0,,,,,,,,,,,,,,,,2008,0
,,6000,6000,5200.0, 36 months,10.39,B,B4,"US Bank, N.A.",5 years,RENT,43000.0,Not Verified,Feb-2008,,"I am in the process of purchasing a new home and want to avoid paying PMI if at all possible on my new home loan. I am $5,250 short at this point from meeting the 20% requirement and am hoping to acheive a loan through LendingClub to meet this threshold. I dread having to pay $122 a month for PMI when I am so close to the required percentage. Thank you for taking the time to read this and any help would be much appreciated. ",house,Trying to Avoid Paying PMI on New Home,232xx,VA,17.47,0.0,May-1998,0.0,76.0,0.0,14.0,0.0,12758,40.4,33.0,f,0.0,,1,,,,,,,,,,,,,,,,,,,,,,0.0,0.0,,,,,,,,,,,,,,,,,,,,,,,,,,,0.0,,,,,,,,,,,,,,,,2008,0
,,15000,15000,450.0, 36 months,12.04,C,C5,pace mechanica services,7 years,MORTGAGE,100000.0,Not Verified,Jan-2008,,My wife and I have two credit cards that we would like to pay off. ,debt_consolidation,Credit Card Consolidation,480xx,MI,15.82,2.0,Dec-1982,1.0,2.0,0.0,12.0,0.0,49459,88.8,45.0,f,0.0,,1,,,,,,,,,,,,,,,,,,,,,,0.0,0.0,,,,,,,,,,,,,,,,,,,,,,,,,,,0.0,,,,,,,,,,,,,,,,2008,0
,,10000,10000,5975.0, 36 months,8.0,A,A3,Harlem Consolidated School Distric,10+ years,MORTGAGE,66000.0,Not Verified,Nov-2008,, Consolidated credit cards and major purchases,debt_consolidation,November 2008,610xx,IL,20.25,0.0,May-1986,3.0,,,19.0,0.0,9632,6.8,50.0,f,0.0,,1,,,,,,,,,,,,,,,,,,,,,,0.0,0.0,,,,,,,,,,,,,,,,,,,,,,,,,,0.0,0.0,,,,,,,,,,,,,,,,2008,0
,,6600,6600,5725.0, 36 months,13.24,D,D3,Rural Metro,10+ years,MORTGAGE,32400.0,Not Verified,Apr-2008,,"I applied on Lending Tree,and they came back with a better interest than what I am being charged on all credit cards that I am wanting to cosolidate into 1 single Loan. Attempting to better manage when payment's are due, as some are due at the begining, middle and then the end of the month.   Thank you,",debt_consolidation,Debt Consolidation,853xx,AZ,22.0,0.0,Dec-2001,3.0,48.0,,7.0,0.0,6521,67.7,13.0,f,0.0,,1,,,,,,,,,,,,,,,,,,,,,,0.0,0.0,,,,,,,,,,,,,,,,,,,,,,,,,,0.0,0.0,,,,,,,,,,,,,,,,2008,0
,,5000,4200,934.753071152643, 36 months,11.59,C,C2,,< 1 year,RENT,30000.0,Not Verified,Sep-2008,,"I am starting my own law firm. I cater to people who cannot afford to pay $250 per hour but still deserve excellent representation. I already have six(6) cases/clients for my firm. There are various resources required in the practice of law that I simply cannot afford at this time without a loan. I want to provide the best representation possible but this means the appropriate resources, including but not limited to, fax/copier/printer/scanner; legal billing system; incorporation costs and fees; legal search engine subscriptions; legal malpractice insurance costs; and subscriptions to programs which help to obtain new clients. Ultimately I need a foundation from which to begin and that foundation is money. I am not attempting to be a non-profit. I simply want to serve those in the middle to lower socioeconomic classes (and small independent businesses) that share the same legal problems, if not worse, than those in higher socioeconomic classes. While at the same time I also need to survive. Obtaining this loan would help me get a jump start prior to bringing in a profit. I do hope you can help. ",other,Small Business Loan,606xx,IL,17.08,0.0,May-1996,1.0,30.0,,8.0,0.0,10655,68.7,20.0,f,0.0,,1,,,,,,,,,,,,,,,,,,,,,,0.0,0.0,,,,,,,,,,,,,,,,,,,,,,,,,,0.0,0.0,,,,,,,,,,,,,,,,2008,0
,,15000,15000,3441.69, 36 months,11.34,C,C2,us navy,10+ years,RENT,57720.0,Not Verified,Mar-2008,,got out of hand with credit cards and like to cut them up and not depend on them. looking to by a home need to clean up debt,debt_consolidation,help us,320xx,FL,8.61,0.0,Feb-1994,1.0,0.0,0.0,10.0,0.0,14453,45.5,24.0,f,0.0,,1,,,,,,,,,,,,,,,,,,,,,,0.0,0.0,,,,,,,,,,,,,,,,,,,,,,,,,,,0.0,,,,,,,,,,,,,,,,2008,0
,,2000,2000,1152.53, 36 months,11.41,C,C3,Express,< 1 year,RENT,4500.0,Not Verified,Jan-2008,,I need some extra money to help pay for school expenses like rent and the difference that I pay to the school per semester.,educational,College Purposes,170xx,PA,4.0,0.0,Feb-2007,4.0,0.0,0.0,4.0,0.0,333,37.0,4.0,f,0.0,,1,,,,,,,,,,,,,,,,,,,,,,0.0,0.0,,,,,,,,,,,,,,,,,,,,,,,,,,,0.0,,,,,,,,,,,,,,,,2008,0
,,2400,2400,2325.0, 36 months,12.29,C,C5,Subway,4 years,RENT,9600.0,Not Verified,Feb-2008,,I am a college student requesting this loan to help pay for books and get some much needed work done on my car.,other,Books/Car,062xx,CT,0.0,0.0,Aug-2006,5.0,0.0,0.0,4.0,0.0,0,0.0,4.0,f,0.0,,1,,,,,,,,,,,,,,,,,,,,,,0.0,0.0,,,,,,,,,,,,,,,,,,,,,,,,,,,0.0,,,,,,,,,,,,,,,,2008,0
,,20000,20000,7531.824812967119, 36 months,15.57,E,E3,Stanley Associates,2 years,MORTGAGE,49000.0,Not Verified,Oct-2008,,"Purpose of loan: This loan will be used as capital towards the purchase of an Edible Arrangements franchise.  I have already done all the research on the franchise and it offers an excellent product and terrific franchisee support.  Their growth has been exponential over the last four (4) years.  To date, none of the franchises have ceased operations.  Edible Arrangements has availability to develop a store in Washington, DC or McLean, VA.  I am in line for either of the stores, if I can provide proof of $50,000 capital.  I have $30,000 of my own funds and need another $20,000 so I can move forward.  My financial situation: I am a good candidate for this loan because I am committed to (paying) my obligations.  I have always held steady employment.     I do not have experience in this particular industry, which is why I chose to move forward with a franchise for that added expertise and support.  I have eight years of HR experience, and my daughter, which will manage the day-to-day operations of the Edible Arrangements store, has HR experience and a degree in Business Administration. I will keep my full-time day job. That way I can keep a steady flow of income coming in.  ",small_business,Purchase Franchise,207xx,MD,12.39,1.0,Aug-1995,1.0,15.0,,18.0,0.0,13335,39.8,38.0,f,0.0,,1,,,,,,,,,,,,,,,,,,,,,,0.0,0.0,,,,,,,,,,,,,,,,,,,,,,,,,,0.0,0.0,,,,,,,,,,,,,,,,2008,0
,,7500,7500,0.0, 36 months,8.32,A,A4,civic stop,10+ years,OWN,30004.0,Not Verified,Jul-2008,, Going to build a screened in porch on house.,home_improvement,Home repair,703xx,LA,1.52,0.0,Jul-2001,0.0,,,6.0,0.0,1304,9.7,8.0,f,0.0,,1,,,,,,,,,,,,,,,,,,,,,,0.0,0.0,,,,,,,,,,,,,,,,,,,,,,,,,,0.0,0.0,,,,,,,,,,,,,,,,2008,0
,,10000,10000,8741.0424096184, 36 months,9.45,B,B1,Brightstar Corporation,2 years,RENT,70000.0,Not Verified,Mar-2008,,"I'm a successful 25 year old sales rep. This loan is for my education, but not books or a common education, more like a street smart education and experience.  I'm practicing how to raise capital/borrow money to create profitable returns.  This is a skill I want to master to create wealth.  I'm also enjoying the experience as I don't ""need"" the money.  I don't have a mortgage, my income exceeds my expenses and I'm very meticulous about spending.  I have good control over myself mentally, spiritually and emotionally, therefore I have good control over my money. My only debt is a car lease and a interest free care credit loan for my lasik (i could have paid cash but why not get interest free financing).  My credit card balances are paid in full during their billing cycle - they are used solely to build credit and get points.  I don't have school loans as I did my undergrad as a Fulbright Scholar, and MBA's are overrated.  So I'm pretty liquid.  Even my wife's diamond ring is paid in full, and her parents paid for the wedding.   So why borrow if I have money?  Again, this is for the experience, I can comfortably afford the loan and interest, but I think this experience will make me better in business.  There is bad debt, when you buy liabilities or things that depreciate.  This is good debt, the kind that puts money in my pocket building an asset.  Thanks for your time,  Carlos",educational,Social Entrepreneur,600xx,IL,9.38,0.0,Feb-2003,0.0,0.0,0.0,8.0,0.0,8850,32.3,8.0,f,0.0,,1,,,,,,,,,,,,,,,,,,,,,,0.0,0.0,,,,,,,,,,,,,,,,,,,,,,,,,,,0.0,,,,,,,,,,,,,,,,2008,0
,,5000,5000,0.00112345745, 36 months,14.82,E,E3,Technical insite,3 years,RENT,42000.0,Verified,Jun-2008,,I would like to consolidate a WAMU card that I have chopped up into little pieces to get a better rate so that it will not take so long to pay off. I was just notified that as of June 1st the APR will be going up to 33% from 11.99%.   I dont understand why. I have never been late with it and never gone over credit limit. Always pay more than the minimum.   Im trying to lower my rate so that I dont have to pay for 5 more years and double the amount back.  Thanks for considering me!!,debt_consolidation,jclarke5878,144xx,NY,18.51,0.0,May-1997,8.0,34.0,,6.0,0.0,9792,64.0,23.0,f,0.0,,1,,,,,,,,,,,,,,,,,,,,,,0.0,0.0,,,,,,,,,,,,,,,,,,,,,,,,,,0.0,0.0,,,,,,,,,,,,,,,,2008,0
,,10000,10000,7450.0, 36 months,9.63,A,A5,Gilman City R-IV School District,8 years,MORTGAGE,27996.0,Not Verified,Dec-2008,," My husband and I would like to have 1 monthly payment for our credit card and line of credit debt with a specific time frame, i.e. 60 months $460 a month and we are done with our credit debt for good.  We Will use the money to pay off our 5 creditors to combine our bills into one payment.",debt_consolidation,one payment,646xx,MO,22.97,0.0,Sep-1996,0.0,,,17.0,0.0,11488,22.3,39.0,f,0.0,,1,,,,,,,,,,,,,,,,,,,,,,0.0,0.0,,,,,,,,,,,,,,,,,,,,,,,,,,0.0,0.0,,,,,,,,,,,,,,,,2008,0
,,9975,9975,6276.035296490591, 36 months,13.99,D,D3,Loyola University Chicago,4 years,MORTGAGE,67020.0,Not Verified,Nov-2008,,"Who isn't looking to make life easier? I know I am, and this would definitely do that! My wife and I want to put our credit cards into one monthly payment. This will help us to end our debt in 3 years, or less! This is important to us because we want to buy a Bed and Breakfast, and this is one of the steps in our plan...reduce debt, while saving. Help us stop wasting money with Discover, WaMu, and Home Depot by paying separate interest rates. Thank you.",debt_consolidation,"One Payment, One Date, One-derful",602xx,IL,4.15,0.0,Jan-1998,1.0,39.0,,8.0,0.0,11574,75.6,20.0,f,0.0,,1,,,,,,,,,,,,,,,,,,,,,,0.0,0.0,,,,,,,,,,,,,,,,,,,,,,,,,,0.0,0.0,,,,,,,,,,,,,,,,2008,0
,,10000,10000,8715.68725332728, 36 months,13.87,D,D5,Mount Alvernia Academy,6 years,MORTGAGE,46900.0,Verified,Apr-2008,,I wish to consolidate three bill payments into one.Doing so will allow me to have a lower rate than these three credit cards presently have. This will allow me more monthly discretionary income to put back into the economy.,debt_consolidation,bill consolidation,021xx,MA,19.73,0.0,Jul-1975,0.0,,,10.0,0.0,61882,60.6,24.0,f,0.0,,1,,,,,,,,,,,,,,,,,,,,,,0.0,0.0,,,,,,,,,,,,,,,,,,,,,,,,,,0.0,0.0,,,,,,,,,,,,,,,,2008,0
,,7500,7500,5118.32, 36 months,10.51,B,B2,Self/ Ameriprise Financial franchisee,9 years,MORTGAGE,160000.0,Not Verified,Oct-2008,,consolidate business lines of credit to one lower payment & interest rate,debt_consolidation,Financial Advisor,076xx,NJ,9.55,0.0,Dec-1995,0.0,,,10.0,0.0,39979,49.5,26.0,f,0.0,,1,,,,,,,,,,,,,,,,,,,,,,0.0,0.0,,,,,,,,,,,,,,,,,,,,,,,,,,0.0,0.0,,,,,,,,,,,,,,,,2008,0
,,12000,12000,4303.628477528531, 36 months,12.09,C,C2,DTS,< 1 year,OWN,68000.0,Verified,Dec-2008,,I am seeking a reasonable low interest loan to consolidate credit card debt ,debt_consolidation,Debt consolidation,917xx,CA,4.29,0.0,Mar-2004,1.0,32.0,,13.0,0.0,9273,19.7,18.0,f,0.0,,1,,,,,,,,,,,,,,,,,,,,,,0.0,0.0,,,,,,,,,,,,,,,,,,,,,,,,,,0.0,0.0,,,,,,,,,,,,,,,,2008,0
,,17350,17350,5894.25, 36 months,13.55,D,D4,Tulley,6 years,OWN,44000.0,Not Verified,Feb-2008,,Debt cosoildation ,debt_consolidation,Debt Consolidation,030xx,NH,18.52,0.0,Dec-1994,2.0,26.0,0.0,8.0,0.0,18966,70.5,31.0,f,0.0,,1,,,,,,,,,,,,,,,,,,,,,,0.0,0.0,,,,,,,,,,,,,,,,,,,,,,,,,,,0.0,,,,,,,,,,,,,,,,2008,0
,,7000,7000,0.007493833663, 36 months,16.08,F,F2,"Health Net, Inc.",10+ years,MORTGAGE,189500.0,Verified,Apr-2008,,"I need to payoff my highest rate credit card debt with a lower interest loan.   I want to payoff as much as possible and then close the CC accounts.  I know that closing the CC accounts may hurt my FICO a little in the short run, but I want to close them nevertheless.  Purpose of loan: Payoff highest-rate credit card debt, which is currently 28-31.5%.  Getting another loan with a lower interest rate will improve my monthly cashflow.  My progress:  Today I have 14 credit lines with a revolving credit balance of 150K and utilization of 99% (result of recently paying down 2 CC accounts anc closing them).   My financial situation:  I have accumulated too much credit card debt and continue to work to pay it all off.  I have a perfect payback history: no missed payments or delinquent accounts.  My payback history in my credit files is perfect, but I have let some credit card rates get too high by some inattention on my part.  I opened some credit cards with low introductory rates on balance transfers but because I was late on a couple of the payments by literally 1-3 days, the credit card companies jacked up the rates.  Those initial low interest rate offers (e.g., 0 to 3.99% for 12 months) for balance transfers were tempting, but came back to haunt me.  My credit rating/score looks poor becasue of my high percent of borrowing vs. limit.  I've always paid back and will continue to.  I have no delinquencies or negatives on my credit reports and I'm committed to it staying that way.  Any form of negative mark on my credit report is not an option for me.  If my loan is funded, I will immediately pay down my highest interest debt .  I'm fortunate to be in a situation where I'm earning a good income, but need to get my high-rate credit card debt eliminated in the short term, and continue to work to be free of all credit card debt in the next 3-4 years.  Respectfully requesting your help.  Monthly net income:  $ 9,500.00  Monthly expenses: $    Housing: $ 4000   Insurance: $ 200   Car expenses: $ 1000   Utilities: $ 200   Phone, cable, internet: $ 200   Food, entertainment: $ 400   Clothing, household expenses $ 150   Credit cards and other loans: $ 2500   Other expenses: $ 350 ",debt_consolidation,Payoff high-rate CC Debt - No DQ/missed,956xx,CA,22.47,0.0,Jul-1988,4.0,0.0,0.0,16.0,0.0,150971,92.3,31.0,f,0.0,,1,,,,,,,,,,,,,,,,,,,,,,0.0,0.0,,,,,,,,,,,,,,,,,,,,,,,,,,,0.0,,,,,,,,,,,,,,,,2008,0
,,3600,3600,988.78, 36 months,8.63,A,A5,Palm Beach Sheriff's Office,2 years,MORTGAGE,33996.0,Not Verified,Jul-2008,, Looking for a loan to help with moving expenses. ,moving,apartment,334xx,FL,0.71,0.0,Nov-2006,0.0,,,3.0,0.0,372,7.4,3.0,f,0.0,,1,,,,,,,,,,,,,,,,,,,,,,0.0,0.0,,,,,,,,,,,,,,,,,,,,,,,,,,0.0,0.0,,,,,,,,,,,,,,,,2008,0
,,7500,7500,968.050421899649, 36 months,11.66,C,C3,"Grubb Properties, Inc",3 years,RENT,61000.0,Not Verified,Jun-2008,,"I am investing in a commercial property to help start my new business (Commercial Property Management, Leasing, and Investment Management). Financial Partner 81% / 19% myself.  Significant Immediate Cash Flow.  This is a dream of mine, please help! 6 Years Real Estate Experience 3+ Years Commercial Real Estate Experience Working with highly respectable investors and mentors who have been in the business for over 20 years.",other,Investing In Business,275xx,NC,17.59,0.0,Aug-2000,2.0,58.0,,9.0,0.0,6550,47.8,19.0,f,0.0,,1,,,,,,,,,,,,,,,,,,,,,,0.0,0.0,,,,,,,,,,,,,,,,,,,,,,,,,,0.0,0.0,,,,,,,,,,,,,,,,2008,0
,,5500,5500,710.233809318242, 36 months,11.66,C,C3,Triumph Books,< 1 year,RENT,20004.0,Not Verified,Jun-2008,,I would like to pay off all my debt from recently graduating college by consolidating it to one loan to be more manageable to pay off.,debt_consolidation,Debt Consolidation,606xx,IL,9.9,0.0,Jun-2004,4.0,,,5.0,0.0,5111,104.3,6.0,f,0.0,,1,,,,,,,,,,,,,,,,,,,,,,0.0,0.0,,,,,,,,,,,,,,,,,,,,,,,,,,0.0,0.0,,,,,,,,,,,,,,,,2008,0
,,7500,7500,0.0, 36 months,11.59,C,C2,The Blackstone Group,2 years,RENT,116600.0,Not Verified,Oct-2008,,Pay off Credit Card Debt that I accumulated during graduate school paying for common living expenses.,credit_card,Pay off CreditCard Debt from Grad School,070xx,NJ,11.89,0.0,Oct-2000,1.0,,,19.0,0.0,25588,58.0,33.0,f,0.0,,1,,,,,,,,,,,,,,,,,,,,,,0.0,0.0,,,,,,,,,,,,,,,,,,,,,,,,,,0.0,0.0,,,,,,,,,,,,,,,,2008,0
,,7000,7000,2950.0, 36 months,7.43,A,A2,Cincinnati Insurance Companies,10+ years,MORTGAGE,33000.0,Not Verified,Jan-2008,,"My fiance and I are responsible for financing our entire wedding.  With this loan we'd be able to hold on to our savings for emergencies, if need be.  ",wedding,Going to the chapel,452xx,OH,10.04,0.0,Feb-1998,1.0,0.0,0.0,20.0,0.0,983,2.1,30.0,f,0.0,,1,,,,,,,,,,,,,,,,,,,,,,0.0,0.0,,,,,,,,,,,,,,,,,,,,,,,,,,,0.0,,,,,,,,,,,,,,,,2008,0
,,20000,5775,4035.26, 36 months,12.29,C,C5,NYSDOT,4 years,MORTGAGE,97200.0,Not Verified,Apr-2008,,Debt Consolidation,debt_consolidation,Debt Consolidation,142xx,NY,19.7,0.0,Oct-1995,1.0,,,13.0,0.0,13685,46.7,27.0,f,0.0,,1,,,,,,,,,,,,,,,,,,,,,,0.0,0.0,,,,,,,,,,,,,,,,,,,,,,,,,,0.0,0.0,,,,,,,,,,,,,,,,2008,0
