tmp_id,id,member_id,loan_amnt,funded_amnt,funded_amnt_inv,term,int_rate,installment,grade,sub_grade,emp_title,emp_length,home_ownership,annual_inc,verification_status,issue_d,loan_status,pymnt_plan,url,desc,purpose,title,zip_code,addr_state,dti,delinq_2yrs,earliest_cr_line,inq_last_6mths,mths_since_last_delinq,mths_since_last_record,open_acc,pub_rec,revol_bal,revol_util,total_acc,initial_list_status,out_prncp,out_prncp_inv,total_pymnt,total_pymnt_inv,total_rec_prncp,total_rec_int,total_rec_late_fee,recoveries,collection_recovery_fee,last_pymnt_d,last_pymnt_amnt,next_pymnt_d,last_credit_pull_d,collections_12_mths_ex_med,mths_since_last_major_derog,policy_code,application_type,annual_inc_joint,dti_joint,verification_status_joint,acc_now_delinq,tot_coll_amt,tot_cur_bal,open_acc_6m,open_act_il,open_il_12m,open_il_24m,mths_since_rcnt_il,total_bal_il,il_util,open_rv_12m,open_rv_24m,max_bal_bc,all_util,total_rev_hi_lim,inq_fi,total_cu_tl,inq_last_12m,acc_open_past_24mths,avg_cur_bal,bc_open_to_buy,bc_util,chargeoff_within_12_mths,delinq_amnt,mo_sin_old_il_acct,mo_sin_old_rev_tl_op,mo_sin_rcnt_rev_tl_op,mo_sin_rcnt_tl,mort_acc,mths_since_recent_bc,mths_since_recent_bc_dlq,mths_since_recent_inq,mths_since_recent_revol_delinq,num_accts_ever_120_pd,num_actv_bc_tl,num_actv_rev_tl,num_bc_sats,num_bc_tl,num_il_tl,num_op_rev_tl,num_rev_accts,num_rev_tl_bal_gt_0,num_sats,num_tl_120dpd_2m,num_tl_30dpd,num_tl_90g_dpd_24m,num_tl_op_past_12m,pct_tl_nvr_dlq,percent_bc_gt_75,pub_rec_bankruptcies,tax_liens,tot_hi_cred_lim,total_bal_ex_mort,total_bc_limit,total_il_high_credit_limit,revol_bal_joint,sec_app_earliest_cr_line,sec_app_inq_last_6mths,sec_app_mort_acc,sec_app_open_acc,sec_app_revol_util,sec_app_open_act_il,sec_app_num_rev_accts,sec_app_chargeoff_within_12_mths,sec_app_collections_12_mths_ex_med,sec_app_mths_since_last_major_derog,hardship_flag,hardship_type,hardship_reason,hardship_status,deferral_term,hardship_amount,hardship_start_date,hardship_end_date,payment_plan_start_date,hardship_length,hardship_dpd,hardship_loan_status,orig_projected_additional_accrued_interest,hardship_payoff_balance_amount,hardship_last_payment_amount,disbursement_method,debt_settlement_flag,debt_settlement_flag_date,settlement_status,settlement_date,settlement_amount,settlement_percentage,settlement_term
0,,,2500,2500,2500.0, 36 months,13.56,84.92,C,C1,Chef,10+ years,RENT,55000.0,Not Verified,Dec-2018,Current,n,,,debt_consolidation,Debt consolidation,109xx,NY,18.24,0.0,Apr-2001,1.0,,45.0,9.0,1.0,4341,10.3,34.0,w,2386.02,2386.02,167.02,167.02,113.98,53.04,0.0,0.0,0.0,Feb-2019,84.92,Mar-2019,Feb-2019,0.0,,1,Individual,,,,0.0,0.0,16901.0,2.0,2.0,1.0,2.0,2.0,12560.0,69.0,2.0,7.0,2137.0,28.0,42000.0,1.0,11.0,2.0,9.0,1878.0,34360.0,5.9,0.0,0.0,140.0,212.0,1.0,1.0,0.0,1.0,,2.0,,0.0,2.0,5.0,3.0,3.0,16.0,7.0,18.0,5.0,9.0,0.0,0.0,0.0,3.0,100.0,0.0,1.0,0.0,60124.0,16901.0,36500.0,18124.0,,,,,,,,,,,,N,,,,,,,,,,,,,,,Cash,N,,,,,,
1,,,30000,30000,30000.0, 60 months,18.94,777.23,D,D2,Postmaster ,10+ years,MORTGAGE,90000.0,Source Verified,Dec-2018,Current,n,,,debt_consolidation,Debt consolidation,713xx,LA,26.52,0.0,Jun-1987,0.0,71.0,75.0,13.0,1.0,12315,24.2,44.0,w,29387.75,29387.75,1507.11,1507.11,612.25,894.86,0.0,0.0,0.0,Feb-2019,777.23,Mar-2019,Feb-2019,0.0,,1,Individual,,,,0.0,1208.0,321915.0,4.0,4.0,2.0,3.0,3.0,87153.0,88.0,4.0,5.0,998.0,57.0,50800.0,2.0,15.0,2.0,10.0,24763.0,13761.0,8.3,0.0,0.0,163.0,378.0,4.0,3.0,3.0,4.0,,4.0,,0.0,2.0,4.0,4.0,9.0,27.0,8.0,14.0,4.0,13.0,0.0,0.0,0.0,6.0,95.0,0.0,1.0,0.0,372872.0,99468.0,15000.0,94072.0,,,,,,,,,,,,N,,,,,,,,,,,,,,,Cash,N,,,,,,
2,,,5000,5000,5000.0, 36 months,17.97,180.69,D,D1,Administrative,6 years,MORTGAGE,59280.0,Source Verified,Dec-2018,Current,n,,,debt_consolidation,Debt consolidation,490xx,MI,10.51,0.0,Apr-2011,0.0,,,8.0,0.0,4599,19.1,13.0,w,4787.21,4787.21,353.89,353.89,212.79,141.1,0.0,0.0,0.0,Feb-2019,180.69,Mar-2019,Feb-2019,0.0,,1,Individual,,,,0.0,0.0,110299.0,0.0,1.0,0.0,2.0,14.0,7150.0,72.0,0.0,2.0,0.0,35.0,24100.0,1.0,5.0,0.0,4.0,18383.0,13800.0,0.0,0.0,0.0,87.0,92.0,15.0,14.0,2.0,77.0,,14.0,,0.0,0.0,3.0,3.0,3.0,4.0,6.0,7.0,3.0,8.0,0.0,0.0,0.0,0.0,100.0,0.0,0.0,0.0,136927.0,11749.0,13800.0,10000.0,,,,,,,,,,,,N,,,,,,,,,,,,,,,Cash,N,,,,,,
3,,,4000,4000,4000.0, 36 months,18.94,146.51,D,D2,IT Supervisor,10+ years,MORTGAGE,92000.0,Source Verified,Dec-2018,Current,n,,,debt_consolidation,Debt consolidation,985xx,WA,16.74,0.0,Feb-2006,0.0,,,10.0,0.0,5468,78.1,13.0,w,3831.93,3831.93,286.71,286.71,168.07,118.64,0.0,0.0,0.0,Feb-2019,146.51,Mar-2019,Feb-2019,0.0,,1,Individual,,,,0.0,686.0,305049.0,1.0,5.0,3.0,5.0,5.0,30683.0,68.0,0.0,0.0,3761.0,70.0,7000.0,2.0,4.0,3.0,5.0,30505.0,1239.0,75.2,0.0,0.0,62.0,154.0,64.0,5.0,3.0,64.0,,5.0,,0.0,1.0,2.0,1.0,2.0,7.0,2.0,3.0,2.0,10.0,0.0,0.0,0.0,3.0,100.0,100.0,0.0,0.0,385183.0,36151.0,5000.0,44984.0,,,,,,,,,,,,N,,,,,,,,,,,,,,,Cash,N,,,,,,
4,,,30000,30000,30000.0, 60 months,16.14,731.78,C,C4,Mechanic,10+ years,MORTGAGE,57250.0,Not Verified,Dec-2018,Current,n,,,debt_consolidation,Debt consolidation,212xx,MD,26.35,0.0,Dec-2000,0.0,,,12.0,0.0,829,3.6,26.0,w,29339.02,29339.02,1423.21,1423.21,660.98,762.23,0.0,0.0,0.0,Feb-2019,731.78,Mar-2019,Feb-2019,0.0,,1,Individual,,,,0.0,0.0,116007.0,3.0,5.0,3.0,5.0,4.0,28845.0,89.0,2.0,4.0,516.0,54.0,23100.0,1.0,0.0,0.0,9.0,9667.0,8471.0,8.9,0.0,0.0,53.0,216.0,2.0,2.0,2.0,2.0,,13.0,,0.0,2.0,2.0,3.0,8.0,9.0,6.0,15.0,2.0,12.0,0.0,0.0,0.0,5.0,92.3,0.0,0.0,0.0,157548.0,29674.0,9300.0,32332.0,,,,,,,,,,,,N,,,,,,,,,,,,,,,Cash,N,,,,,,
5,,,5550,5550,5550.0, 36 months,15.02,192.45,C,C3,Director COE,10+ years,MORTGAGE,152500.0,Not Verified,Dec-2018,Current,n,,,credit_card,Credit card refinancing,461xx,IN,37.94,0.0,Sep-2002,3.0,,,18.0,0.0,53854,48.1,44.0,w,5302.5,5302.5,377.95,377.95,247.5,130.45,0.0,0.0,0.0,Feb-2019,192.45,Mar-2019,Feb-2019,0.0,,1,Individual,,,,0.0,0.0,685749.0,1.0,7.0,2.0,3.0,4.0,131524.0,72.0,1.0,4.0,17584.0,58.0,111900.0,2.0,4.0,6.0,8.0,40338.0,23746.0,64.0,0.0,0.0,195.0,176.0,10.0,4.0,6.0,20.0,,3.0,,0.0,4.0,6.0,6.0,10.0,23.0,9.0,15.0,7.0,18.0,0.0,0.0,0.0,4.0,100.0,60.0,0.0,0.0,831687.0,185378.0,65900.0,203159.0,,,,,,,,,,,,N,,,,,,,,,,,,,,,Cash,N,,,,,,
6,,,2000,2000,2000.0, 36 months,17.97,72.28,D,D1,Account Manager,4 years,RENT,51000.0,Source Verified,Dec-2018,Current,n,,,debt_consolidation,Debt consolidation,606xx,IL,2.4,0.0,Nov-2004,1.0,,,1.0,0.0,0,,9.0,w,1914.71,1914.71,141.56,141.56,85.29,56.27,0.0,0.0,0.0,Feb-2019,72.28,Mar-2019,Feb-2019,0.0,,1,Individual,,,,0.0,0.0,854.0,0.0,0.0,2.0,3.0,7.0,0.0,,0.0,1.0,0.0,100.0,0.0,0.0,0.0,1.0,4.0,854.0,,,0.0,0.0,169.0,40.0,23.0,7.0,0.0,,,1.0,,0.0,0.0,0.0,0.0,3.0,5.0,0.0,3.0,0.0,1.0,0.0,0.0,0.0,2.0,100.0,,0.0,0.0,854.0,854.0,0.0,0.0,,,,,,,,,,,,N,,,,,,,,,,,,,,,Cash,N,,,,,,
7,,,6000,6000,6000.0, 36 months,13.56,203.79,C,C1,Assistant Director,10+ years,RENT,65000.0,Source Verified,Dec-2018,Current,n,,,credit_card,Credit card refinancing,460xx,IN,30.1,0.0,Nov-1997,0.0,,,19.0,0.0,38476,69.3,37.0,w,5864.01,5864.01,201.53,201.53,135.99,65.54,0.0,0.0,0.0,Feb-2019,208.31,Mar-2019,Feb-2019,0.0,,1,Individual,,,,0.0,0.0,91535.0,0.0,5.0,0.0,1.0,23.0,53059.0,87.0,0.0,2.0,9413.0,74.0,55500.0,1.0,2.0,0.0,3.0,5085.0,3034.0,90.8,0.0,0.0,169.0,253.0,13.0,13.0,1.0,14.0,,13.0,,0.0,7.0,12.0,8.0,10.0,15.0,14.0,20.0,12.0,19.0,0.0,0.0,0.0,0.0,100.0,85.7,0.0,0.0,117242.0,91535.0,33100.0,61742.0,,,,,,,,,,,,N,,,,,,,,,,,,,,,DirectPay,N,,,,,,
8,,,5000,5000,5000.0, 36 months,17.97,180.69,D,D1,Legal Assistant III,10+ years,MORTGAGE,53580.0,Source Verified,Dec-2018,Current,n,,,debt_consolidation,Debt consolidation,327xx,FL,21.16,0.0,Aug-1998,1.0,32.0,,8.0,0.0,8018,35.2,38.0,w,4786.79,4786.79,353.89,353.89,213.21,140.68,0.0,0.0,0.0,Feb-2019,180.69,Mar-2019,Feb-2019,0.0,45.0,1,Individual,,,,0.0,0.0,41882.0,5.0,2.0,5.0,5.0,3.0,33864.0,98.0,1.0,6.0,3132.0,73.0,22800.0,2.0,1.0,4.0,12.0,5235.0,13786.0,35.9,0.0,0.0,145.0,244.0,6.0,3.0,3.0,6.0,33.0,2.0,32.0,2.0,4.0,5.0,5.0,10.0,20.0,6.0,15.0,5.0,8.0,0.0,0.0,0.0,6.0,78.9,60.0,0.0,0.0,57426.0,41882.0,21500.0,34626.0,,,,,,,,,,,,N,,,,,,,,,,,,,,,Cash,N,,,,,,
9,,,6000,6000,6000.0, 36 months,14.47,206.44,C,C2,,< 1 year,OWN,300000.0,Not Verified,Dec-2018,Current,n,,,debt_consolidation,Debt consolidation,068xx,CT,17.43,1.0,Apr-2002,1.0,17.0,,38.0,0.0,65950,49.8,58.0,w,5730.2,5730.2,405.64,405.64,269.8,135.84,0.0,0.0,0.0,Feb-2019,206.44,Mar-2019,Feb-2019,0.0,,1,Individual,,,,0.0,0.0,349502.0,1.0,4.0,1.0,3.0,7.0,39961.0,45.0,1.0,12.0,15926.0,48.0,132500.0,2.0,2.0,2.0,15.0,9197.0,38683.0,60.6,0.0,0.0,166.0,200.0,4.0,4.0,1.0,4.0,,4.0,17.0,0.0,16.0,20.0,19.0,26.0,9.0,33.0,48.0,20.0,38.0,0.0,0.0,0.0,2.0,100.0,26.3,0.0,0.0,477390.0,105911.0,98300.0,89600.0,,,,,,,,,,,,N,,,,,,,,,,,,,,,Cash,N,,,,,,
10,,,5500,5500,5500.0, 36 months,22.35,211.05,D,D5,,< 1 year,MORTGAGE,50000.0,Not Verified,Dec-2018,Current,n,,,credit_card,Credit card refinancing,711xx,LA,15.94,1.0,May-2007,0.0,22.0,,6.0,0.0,4529,94.4,13.0,w,5280.75,5280.75,411.86,411.86,219.25,192.61,0.0,0.0,0.0,Feb-2019,211.05,Mar-2019,Feb-2019,0.0,22.0,1,Individual,,,,0.0,0.0,228151.0,2.0,2.0,1.0,2.0,4.0,13656.0,87.0,1.0,1.0,2837.0,89.0,4800.0,2.0,0.0,0.0,3.0,38025.0,271.0,94.4,0.0,0.0,139.0,105.0,5.0,4.0,3.0,5.0,22.0,4.0,22.0,2.0,3.0,3.0,3.0,4.0,5.0,3.0,5.0,3.0,6.0,0.0,0.0,1.0,2.0,84.6,100.0,0.0,0.0,243452.0,18185.0,4800.0,15649.0,,,,,,,,,,,,N,,,,,,,,,,,,,,,Cash,N,,,,,,
11,,,28000,28000,28000.0, 60 months,11.31,613.13,B,B3,Consultant,2 years,MORTGAGE,70000.0,Not Verified,Dec-2018,Current,n,,,credit_card,Credit card refinancing,300xx,GA,22.01,0.0,Dec-2003,1.0,,,10.0,0.0,56152,55.9,23.0,w,27298.25,27298.25,1199.87,1199.87,701.75,498.12,0.0,0.0,0.0,Feb-2019,613.13,Mar-2019,Feb-2019,0.0,,1,Individual,,,,0.0,0.0,177406.0,1.0,1.0,0.0,0.0,62.0,9484.0,54.0,1.0,2.0,16284.0,56.0,100400.0,1.0,0.0,1.0,2.0,17741.0,44248.0,55.9,0.0,0.0,180.0,165.0,6.0,6.0,1.0,6.0,,6.0,,0.0,5.0,5.0,8.0,9.0,13.0,8.0,9.0,5.0,10.0,0.0,0.0,0.0,1.0,100.0,37.5,0.0,0.0,259435.0,65636.0,100400.0,17535.0,,,,,,,,,,,,N,,,,,,,,,,,,,,,DirectPay,N,,,,,,
12,,,11200,11200,11200.0, 36 months,8.19,351.95,A,A4,Job Coach Supervisor,10+ years,MORTGAGE,65000.0,Not Verified,Dec-2018,Current,n,,,credit_card,Credit card refinancing,840xx,UT,23.6,0.0,Jun-2003,0.0,,,20.0,0.0,8836,16.6,27.0,w,10647.1,10647.1,696.26,696.26,552.9,143.36,0.0,0.0,0.0,Feb-2019,351.95,Mar-2019,Feb-2019,0.0,,1,Individual,,,,0.0,0.0,249643.0,2.0,8.0,2.0,3.0,1.0,69959.0,68.0,0.0,0.0,4603.0,45.0,53100.0,3.0,0.0,3.0,3.0,12482.0,26289.0,24.7,0.0,0.0,170.0,186.0,25.0,1.0,4.0,65.0,,1.0,,0.0,4.0,5.0,5.0,5.0,13.0,10.0,10.0,5.0,20.0,0.0,0.0,0.0,2.0,100.0,20.0,0.0,0.0,345654.0,78795.0,34900.0,114578.0,,,,,,,,,,,,N,,,,,,,,,,,,,,,Cash,N,,,,,,
13,,,6500,6500,6500.0, 36 months,17.97,234.9,D,D1,Quality Field Engineer,4 years,MORTGAGE,154000.0,Source Verified,Dec-2018,Current,n,,,debt_consolidation,Debt consolidation,278xx,NC,28.78,2.0,Oct-2008,0.0,6.0,,27.0,0.0,23754,60.4,41.0,w,6222.82,6222.82,460.07,460.07,277.18,182.89,0.0,0.0,0.0,Feb-2019,234.9,Mar-2019,Feb-2019,0.0,6.0,1,Individual,,,,0.0,0.0,116747.0,2.0,8.0,3.0,5.0,1.0,92993.0,78.0,1.0,6.0,3943.0,72.0,39300.0,3.0,3.0,3.0,11.0,4324.0,4578.0,62.8,1.0,0.0,122.0,74.0,11.0,1.0,0.0,13.0,,4.0,,1.0,5.0,19.0,5.0,8.0,17.0,19.0,24.0,19.0,27.0,0.0,0.0,1.0,4.0,90.2,20.0,0.0,0.0,169160.0,116747.0,12300.0,129860.0,,,,,,,,,,,,N,,,,,,,,,,,,,,,Cash,N,,,,,,
14,,,22000,22000,22000.0, 60 months,12.98,500.35,B,B5,Teller ,10+ years,MORTGAGE,65000.0,Source Verified,Dec-2018,Current,n,,,debt_consolidation,Debt consolidation,413xx,KY,11.19,0.0,Jul-1990,0.0,,,8.0,0.0,134,0.5,16.0,w,21472.4,21472.4,976.9,976.9,527.6,449.3,0.0,0.0,0.0,Feb-2019,500.35,Mar-2019,Feb-2019,0.0,,1,Individual,,,,0.0,0.0,22337.0,1.0,1.0,0.0,0.0,36.0,22127.0,,1.0,2.0,3.0,1.0,29500.0,0.0,0.0,0.0,2.0,3191.0,27197.0,0.0,0.0,0.0,162.0,341.0,4.0,4.0,1.0,4.0,,15.0,,0.0,1.0,2.0,3.0,4.0,6.0,6.0,8.0,2.0,8.0,0.0,0.0,0.0,1.0,100.0,0.0,0.0,0.0,71932.0,22337.0,27200.0,38535.0,,,,,,,,,,,,N,,,,,,,,,,,,,,,Cash,N,,,,,,
15,,,3500,3500,3500.0, 36 months,16.14,123.3,C,C4,respritory therapist,10+ years,MORTGAGE,80000.0,Verified,Dec-2018,Current,n,,,debt_consolidation,Debt consolidation,604xx,IL,13.63,0.0,Dec-1988,0.0,43.0,,7.0,0.0,8952,58.5,27.0,w,3346.52,3346.52,218.36,218.36,153.48,64.88,0.0,0.0,0.0,Feb-2019,123.3,Mar-2019,Feb-2019,0.0,48.0,1,Joint App,104424.0,10.77,Verified,0.0,0.0,16085.0,2.0,2.0,0.0,0.0,57.0,7133.0,26.0,3.0,4.0,3873.0,38.0,15300.0,0.0,0.0,1.0,4.0,2298.0,4127.0,48.4,0.0,0.0,144.0,360.0,4.0,4.0,2.0,7.0,,7.0,117.0,7.0,1.0,3.0,2.0,3.0,10.0,5.0,15.0,3.0,7.0,0.0,0.0,0.0,3.0,76.0,50.0,0.0,0.0,42328.0,16085.0,8000.0,27028.0,10286.0,May-2002,2.0,3.0,2.0,44.1,0.0,6.0,0.0,0.0,,N,,,,,,,,,,,,,,,Cash,N,,,,,,
16,,,7000,7000,7000.0, 36 months,12.98,235.8,B,B5,Worship Director,4 years,MORTGAGE,102500.0,Not Verified,Dec-2018,Current,n,,,house,Home buying,436xx,OH,15.2,0.0,Dec-2002,0.0,38.0,,9.0,0.0,1057,7.2,21.0,w,6678.1,6678.1,464.03,464.03,321.9,142.13,0.0,0.0,0.0,Feb-2019,235.8,Mar-2019,Feb-2019,0.0,68.0,1,Individual,,,,0.0,0.0,174891.0,1.0,4.0,1.0,1.0,10.0,75652.0,78.0,1.0,2.0,0.0,69.0,14700.0,1.0,0.0,3.0,3.0,19432.0,7200.0,0.0,0.0,0.0,182.0,192.0,6.0,6.0,4.0,26.0,,10.0,,1.0,0.0,2.0,2.0,3.0,8.0,4.0,9.0,2.0,9.0,0.0,0.0,0.0,2.0,80.0,0.0,0.0,0.0,214624.0,76709.0,7200.0,96826.0,,,,,,,,,,,,N,,,,,,,,,,,,,,,Cash,N,,,,,,
17,,,25000,25000,25000.0, 60 months,16.91,620.11,C,C5,Processor ,10+ years,MORTGAGE,23878.0,Not Verified,Dec-2018,Current,n,,,debt_consolidation,Debt consolidation,453xx,OH,6.26,0.0,Oct-2010,0.0,,,4.0,0.0,3044,54.4,8.0,w,24460.59,24460.59,1204.99,1204.99,539.41,665.58,0.0,0.0,0.0,Feb-2019,620.11,Mar-2019,Feb-2019,0.0,,1,Joint App,64793.0,18.91,Not Verified,0.0,0.0,79660.0,0.0,0.0,0.0,0.0,47.0,0.0,,0.0,0.0,1044.0,54.0,5600.0,0.0,0.0,0.0,0.0,19915.0,0.0,104.4,0.0,0.0,90.0,98.0,27.0,27.0,2.0,84.0,,,,0.0,1.0,3.0,1.0,1.0,2.0,3.0,4.0,3.0,4.0,0.0,0.0,0.0,0.0,100.0,100.0,0.0,0.0,92334.0,3044.0,1000.0,0.0,24654.0,Aug-2003,0.0,2.0,9.0,78.9,1.0,12.0,0.0,0.0,,N,,,,,,,,,,,,,,,Cash,N,,,,,,
18,,,16000,16000,16000.0, 60 months,20.89,431.87,D,D4,Neonatal Nurse Practitioner,4 years,MORTGAGE,120000.0,Not Verified,Dec-2018,Current,n,,,credit_card,Credit card refinancing,720xx,AR,27.57,1.0,Jul-2005,0.0,8.0,,13.0,0.0,18826,82.2,37.0,w,15690.66,15690.66,835.89,835.89,309.34,526.55,0.0,0.0,0.0,Feb-2019,431.87,Mar-2019,Feb-2019,0.0,35.0,1,Individual,,,,0.0,0.0,434239.0,1.0,6.0,1.0,4.0,4.0,247928.0,90.0,1.0,1.0,9439.0,87.0,22900.0,6.0,1.0,2.0,5.0,33403.0,430.0,96.8,0.0,0.0,136.0,146.0,12.0,4.0,2.0,12.0,48.0,4.0,8.0,2.0,2.0,4.0,2.0,5.0,24.0,6.0,10.0,4.0,13.0,0.0,0.0,0.0,2.0,86.5,100.0,0.0,0.0,444217.0,266754.0,13500.0,239338.0,,,,,,,,,,,,N,,,,,,,,,,,,,,,Cash,N,,,,,,
19,,,13000,13000,13000.0, 60 months,14.47,305.67,C,C2,Stationary Engineer,10+ years,MORTGAGE,75000.0,Not Verified,Dec-2018,Current,n,,,debt_consolidation,Debt consolidation,741xx,OK,26.16,0.0,Feb-2001,1.0,,,9.0,0.0,15551,58.2,13.0,w,12700.38,12700.38,595.66,595.66,299.62,296.04,0.0,0.0,0.0,Feb-2019,305.67,Mar-2019,Feb-2019,0.0,,1,Individual,,,,0.0,0.0,131400.0,0.0,5.0,1.0,4.0,10.0,35369.0,70.0,0.0,0.0,13287.0,66.0,26700.0,2.0,0.0,1.0,4.0,14600.0,11149.0,58.2,0.0,0.0,159.0,214.0,81.0,10.0,1.0,81.0,,5.0,,0.0,3.0,3.0,3.0,3.0,8.0,3.0,4.0,3.0,9.0,0.0,0.0,0.0,1.0,100.0,33.3,0.0,0.0,176598.0,50920.0,26700.0,50898.0,,,,,,,,,,,,N,,,,,,,,,,,,,,,Cash,N,,,,,,
20,,,10000,10000,10000.0, 36 months,13.56,339.65,C,C1,,< 1 year,MORTGAGE,65000.0,Not Verified,Dec-2018,Current,n,,,credit_card,Credit card refinancing,937xx,CA,10.62,0.0,Dec-2004,1.0,30.0,100.0,14.0,1.0,9765,74.0,28.0,w,9544.14,9544.14,668.0,668.0,455.86,212.14,0.0,0.0,0.0,Feb-2019,339.65,Mar-2019,Feb-2019,0.0,45.0,1,Individual,,,,0.0,6389.0,45972.0,0.0,5.0,0.0,0.0,65.0,36207.0,104.0,2.0,4.0,3359.0,96.0,13200.0,1.0,0.0,2.0,4.0,3536.0,1777.0,84.5,0.0,0.0,168.0,142.0,7.0,7.0,0.0,7.0,35.0,5.0,30.0,2.0,5.0,6.0,5.0,7.0,17.0,9.0,11.0,6.0,14.0,0.0,0.0,0.0,2.0,77.8,80.0,1.0,0.0,48052.0,45972.0,11500.0,34852.0,,,,,,,,,,,,N,,,,,,,,,,,,,,,Cash,N,,,,,,
21,,,13000,13000,13000.0, 36 months,14.47,447.29,C,C2,Exhibits director,10+ years,MORTGAGE,55000.0,Verified,Dec-2018,Current,n,,,credit_card,Credit card refinancing,611xx,IL,10.58,0.0,Oct-2001,0.0,,,7.0,0.0,13478,82.2,17.0,w,12415.43,12415.43,878.9,878.9,584.57,294.33,0.0,0.0,0.0,Feb-2019,447.29,Mar-2019,Feb-2019,0.0,,1,Individual,,,,0.0,160.0,34996.0,0.0,1.0,0.0,0.0,25.0,400.0,40.0,0.0,2.0,4807.0,80.0,16400.0,0.0,0.0,0.0,4.0,4999.0,3024.0,78.2,0.0,0.0,122.0,206.0,14.0,14.0,3.0,14.0,,14.0,,0.0,3.0,4.0,4.0,6.0,6.0,5.0,8.0,4.0,7.0,0.0,0.0,0.0,0.0,100.0,75.0,0.0,0.0,41150.0,13878.0,13900.0,1000.0,,,,,,,,,,,,N,,,,,,,,,,,,,,,Cash,N,,,,,,
22,,,9600,9600,9600.0, 36 months,23.4,373.62,E,E1,driver coordinator ,9 years,RENT,65000.0,Not Verified,Dec-2018,Current,n,,,credit_card,Credit card refinancing,265xx,WV,23.01,1.0,Sep-2003,0.0,16.0,,12.0,0.0,10678,37.5,20.0,f,9223.52,9223.52,728.52,728.52,376.48,352.04,0.0,0.0,0.0,Feb-2019,373.62,Mar-2019,Feb-2019,0.0,,1,Individual,,,,0.0,66.0,24165.0,0.0,2.0,0.0,0.0,43.0,13487.0,33.0,1.0,1.0,2264.0,35.0,28500.0,0.0,0.0,0.0,1.0,2014.0,232.0,96.9,0.0,0.0,183.0,92.0,12.0,12.0,0.0,27.0,,15.0,30.0,0.0,7.0,9.0,7.0,8.0,8.0,10.0,12.0,9.0,12.0,0.0,0.0,0.0,1.0,90.0,85.7,0.0,0.0,68902.0,24165.0,7600.0,40402.0,,,,,,,,,,,,N,,,,,,,,,,,,,,,Cash,N,,,,,,
23,,,3500,3500,3500.0, 36 months,20.89,131.67,D,D4,gas attendant,10+ years,MORTGAGE,40000.0,Source Verified,Dec-2018,Current,n,,,car,Car financing,078xx,NJ,9.09,0.0,Oct-2004,1.0,24.0,,4.0,0.0,1944,33.5,18.0,w,3357.29,3357.29,257.25,257.25,142.71,114.54,0.0,0.0,0.0,Feb-2019,131.67,Mar-2019,Feb-2019,0.0,48.0,1,Joint App,59500.0,10.59,Source Verified,0.0,0.0,189794.0,1.0,1.0,1.0,1.0,7.0,24958.0,100.0,2.0,2.0,1317.0,87.0,5800.0,1.0,0.0,3.0,3.0,47449.0,3683.0,26.3,0.0,0.0,150.0,170.0,1.0,1.0,4.0,8.0,48.0,1.0,48.0,2.0,1.0,2.0,1.0,8.0,3.0,2.0,11.0,2.0,4.0,0.0,0.0,0.0,3.0,38.9,0.0,0.0,0.0,217000.0,26902.0,5000.0,25000.0,6902.0,May-2003,0.0,3.0,6.0,47.9,0.0,21.0,0.0,0.0,46.0,N,,,,,,,,,,,,,,,Cash,N,,,,,,
24,,,16000,16000,16000.0, 60 months,26.31,481.99,E,E4,Financial Relationship Associate,< 1 year,RENT,33000.0,Source Verified,Dec-2018,Current,n,,,credit_card,Credit card refinancing,290xx,SC,33.62,0.0,Sep-2010,1.0,,,17.0,0.0,22872,65.5,22.0,w,15734.74,15734.74,928.9,928.9,265.26,663.64,0.0,0.0,0.0,Feb-2019,481.99,Mar-2019,Feb-2019,0.0,,1,Individual,,,,0.0,0.0,29869.0,1.0,1.0,0.0,1.0,24.0,6997.0,65.0,1.0,1.0,2703.0,65.0,34900.0,0.0,3.0,1.0,2.0,1757.0,4596.0,66.9,0.0,0.0,29.0,99.0,2.0,2.0,0.0,2.0,,3.0,,0.0,6.0,11.0,9.0,13.0,2.0,16.0,20.0,11.0,17.0,0.0,0.0,0.0,1.0,100.0,55.6,0.0,0.0,45709.0,29869.0,13900.0,10809.0,,,,,,,,,,,,N,,,,,,,,,,,,,,,Cash,N,,,,,,
25,,,15000,15000,14975.0, 60 months,14.47,352.69,C,C2,,,MORTGAGE,30000.0,Source Verified,Dec-2018,Current,n,,,debt_consolidation,Debt consolidation,756xx,TX,41.6,0.0,Oct-1999,0.0,,,20.0,0.0,20049,37.2,30.0,f,14654.57,14630.15,687.29,686.14,345.43,341.86,0.0,0.0,0.0,Feb-2019,352.69,Mar-2019,Feb-2019,0.0,,1,Joint App,55000.0,34.95,Source Verified,0.0,0.0,65496.0,1.0,1.0,0.0,1.0,16.0,4458.0,31.0,1.0,1.0,3616.0,36.0,53900.0,0.0,2.0,0.0,2.0,3275.0,2545.0,74.3,0.0,0.0,149.0,230.0,6.0,6.0,1.0,31.0,,,,0.0,4.0,13.0,4.0,5.0,8.0,18.0,21.0,13.0,20.0,0.0,0.0,0.0,1.0,100.0,50.0,0.0,0.0,118790.0,24507.0,9900.0,14490.0,29704.0,Oct-1999,0.0,0.0,16.0,48.8,0.0,15.0,0.0,0.0,,N,,,,,,,,,,,,,,,Cash,N,,,,,,
26,,,13000,13000,13000.0, 36 months,23.4,505.95,E,E1,Sale Representative,2 years,MORTGAGE,90000.0,Verified,Dec-2018,Current,n,,,other,Other,191xx,PA,39.73,0.0,May-2007,0.0,,,14.0,0.0,52013,83.1,20.0,w,12490.18,12490.18,986.55,986.55,509.82,476.73,0.0,0.0,0.0,Feb-2019,505.95,Mar-2019,Feb-2019,0.0,,1,Individual,,,,0.0,0.0,87876.0,1.0,7.0,1.0,3.0,1.0,35863.0,48.0,0.0,1.0,18037.0,64.0,62600.0,2.0,0.0,1.0,4.0,6277.0,9503.0,83.8,0.0,0.0,131.0,139.0,16.0,1.0,0.0,16.0,,10.0,,0.0,6.0,7.0,6.0,7.0,11.0,7.0,9.0,7.0,14.0,0.0,0.0,0.0,1.0,100.0,66.7,0.0,0.0,137276.0,87876.0,58600.0,74676.0,,,,,,,,,,,,N,,,,,,,,,,,,,,,Cash,N,,,,,,
27,,,23000,23000,23000.0, 60 months,20.89,620.81,D,D4,Operator,5 years,RENT,68107.0,Source Verified,Dec-2018,Current,n,,,debt_consolidation,Debt consolidation,672xx,KS,0.52,0.0,Feb-1997,0.0,,,5.0,0.0,976,13.0,10.0,w,22158.77,22158.77,1201.58,1201.58,841.23,360.35,0.0,0.0,0.0,Feb-2019,1241.62,Mar-2019,Feb-2019,1.0,,1,Individual,,,,0.0,2693.0,976.0,0.0,0.0,0.0,0.0,36.0,0.0,,3.0,4.0,0.0,13.0,7500.0,2.0,2.0,4.0,4.0,195.0,3300.0,0.0,0.0,0.0,237.0,262.0,10.0,10.0,0.0,10.0,,9.0,,0.0,0.0,1.0,3.0,4.0,3.0,5.0,7.0,1.0,5.0,0.0,0.0,0.0,3.0,100.0,0.0,0.0,0.0,7500.0,976.0,3300.0,0.0,,,,,,,,,,,,N,,,,,,,,,,,,,,,Cash,N,,,,,,
28,,,8000,8000,8000.0, 36 months,23.4,311.35,E,E1,Manager,10+ years,OWN,43000.0,Source Verified,Dec-2018,Current,n,,,debt_consolidation,Debt consolidation,357xx,AL,33.24,0.0,Jan-1995,0.0,,107.0,8.0,1.0,9019,81.3,16.0,w,7686.27,7686.27,607.1,607.1,313.73,293.37,0.0,0.0,0.0,Feb-2019,311.35,Mar-2019,Feb-2019,0.0,,1,Individual,,,,0.0,0.0,169223.0,0.0,3.0,2.0,2.0,7.0,22059.0,69.0,0.0,0.0,2174.0,72.0,11100.0,1.0,1.0,1.0,2.0,21153.0,126.0,94.5,0.0,0.0,148.0,287.0,44.0,7.0,1.0,51.0,,7.0,,0.0,1.0,4.0,1.0,2.0,8.0,4.0,7.0,4.0,8.0,0.0,0.0,0.0,2.0,100.0,100.0,1.0,0.0,199744.0,31078.0,2300.0,32206.0,,,,,,,,,,,,N,,,,,,,,,,,,,,,Cash,N,,,,,,
29,,,32075,32075,32075.0, 60 months,11.8,710.26,B,B4,Nursing Supervisor,10+ years,MORTGAGE,150000.0,Not Verified,Dec-2018,Current,n,,,credit_card,Credit card refinancing,231xx,VA,22.21,0.0,Aug-2005,0.0,,,17.0,0.0,19077,32.0,24.0,w,31281.41,31281.41,1388.98,1388.98,793.59,595.39,0.0,0.0,0.0,Feb-2019,710.26,Mar-2019,Feb-2019,0.0,,1,Individual,,,,0.0,0.0,272667.0,1.0,4.0,1.0,1.0,9.0,37558.0,47.0,1.0,1.0,3910.0,41.0,59600.0,1.0,2.0,0.0,3.0,16039.0,10446.0,47.8,0.0,0.0,160.0,70.0,4.0,4.0,2.0,27.0,,14.0,,0.0,4.0,10.0,4.0,4.0,8.0,12.0,14.0,10.0,17.0,0.0,0.0,0.0,2.0,100.0,50.0,0.0,0.0,360433.0,56635.0,20000.0,80125.0,,,,,,,,,,,,N,,,,,,,,,,,,,,,Cash,N,,,,,,
30,,,12000,12000,12000.0, 60 months,13.56,276.49,C,C1,,< 1 year,MORTGAGE,40000.0,Not Verified,Dec-2018,Current,n,,,debt_consolidation,Debt consolidation,180xx,PA,19.23,0.0,Aug-2005,2.0,,,8.0,0.0,23195,55.5,9.0,w,11716.63,11716.63,539.42,539.42,283.37,256.05,0.0,0.0,0.0,Feb-2019,276.49,Mar-2019,Feb-2019,0.0,,1,Individual,,,,0.0,0.0,32462.0,1.0,1.0,1.0,1.0,4.0,9267.0,103.0,2.0,2.0,9747.0,64.0,41800.0,1.0,0.0,3.0,3.0,4058.0,16601.0,54.9,0.0,0.0,4.0,149.0,9.0,4.0,1.0,10.0,,4.0,,0.0,5.0,6.0,5.0,5.0,1.0,7.0,7.0,6.0,8.0,0.0,0.0,0.0,3.0,100.0,60.0,0.0,0.0,50800.0,32462.0,36800.0,9000.0,,,,,,,,,,,,N,,,,,,,,,,,,,,,Cash,N,,,,,,
31,,,10000,10000,10000.0, 60 months,19.92,264.5,D,D3,Material Handler,10+ years,MORTGAGE,80000.0,Not Verified,Dec-2018,Current,n,,,debt_consolidation,Debt consolidation,648xx,MO,20.67,0.0,Apr-2005,0.0,37.0,,11.0,0.0,13198,73.7,19.0,w,9801.36,9801.36,512.4,512.4,198.64,313.76,0.0,0.0,0.0,Feb-2019,264.5,Mar-2019,Feb-2019,0.0,37.0,1,Individual,,,,0.0,116.0,110120.0,0.0,2.0,0.0,1.0,15.0,24408.0,70.0,1.0,1.0,6521.0,72.0,17900.0,0.0,0.0,1.0,2.0,10011.0,779.0,90.3,0.0,0.0,148.0,164.0,11.0,11.0,1.0,149.0,37.0,11.0,37.0,0.0,2.0,8.0,2.0,4.0,6.0,8.0,12.0,8.0,11.0,0.0,0.0,0.0,1.0,84.2,50.0,0.0,0.0,170230.0,37606.0,8000.0,55030.0,,,,,,,,,,,,N,,,,,,,,,,,,,,,Cash,N,,,,,,
32,,,16000,16000,16000.0, 60 months,17.97,406.04,D,D1,Instructional Coordinator,5 years,MORTGAGE,51000.0,Not Verified,Dec-2018,Current,n,,,debt_consolidation,Debt consolidation,284xx,NC,21.91,0.0,Oct-2005,1.0,52.0,,11.0,0.0,7326,24.8,27.0,w,15664.63,15664.63,788.12,788.12,335.37,452.75,0.0,0.0,0.0,Feb-2019,406.04,Mar-2019,Feb-2019,0.0,52.0,1,Individual,,,,0.0,0.0,39339.0,3.0,8.0,2.0,2.0,2.0,32013.0,83.0,1.0,1.0,3881.0,58.0,29500.0,0.0,0.0,1.0,3.0,3576.0,22174.0,24.8,0.0,0.0,123.0,158.0,6.0,2.0,0.0,6.0,52.0,4.0,52.0,6.0,2.0,2.0,3.0,6.0,21.0,3.0,6.0,2.0,11.0,0.0,0.0,0.0,3.0,77.8,0.0,0.0,0.0,67924.0,39339.0,29500.0,38424.0,,,,,,,,,,,,N,,,,,,,,,,,,,,,Cash,N,,,,,,
33,,,3300,3300,3300.0, 36 months,23.4,128.44,E,E1,Program Manager,3 years,RENT,49700.0,Source Verified,Dec-2018,Current,n,,,vacation,Vacation,310xx,GA,14.32,0.0,Nov-2006,1.0,43.0,,6.0,0.0,2358,26.5,46.0,w,3170.57,3170.57,250.44,250.44,129.43,121.01,0.0,0.0,0.0,Feb-2019,128.44,Mar-2019,Feb-2019,0.0,43.0,1,Individual,,,,0.0,0.0,166884.0,2.0,2.0,0.0,2.0,18.0,164526.0,75.0,2.0,2.0,2091.0,51.0,8900.0,0.0,0.0,1.0,4.0,27814.0,491.0,82.5,0.0,0.0,145.0,79.0,1.0,1.0,0.0,59.0,43.0,1.0,43.0,3.0,2.0,3.0,2.0,3.0,39.0,4.0,7.0,3.0,6.0,0.0,0.0,0.0,2.0,90.9,50.0,0.0,0.0,170985.0,166884.0,2800.0,162085.0,,,,,,,,,,,,N,,,,,,,,,,,,,,,Cash,N,,,,,,
34,,,20000,20000,20000.0, 60 months,11.8,442.88,B,B4,,,MORTGAGE,47590.0,Verified,Dec-2018,Current,n,,,credit_card,Credit card refinancing,156xx,PA,9.53,0.0,Sep-1999,0.0,62.0,,7.0,0.0,14134,84.1,13.0,w,19505.15,19505.15,866.09,866.09,494.85,371.24,0.0,0.0,0.0,Feb-2019,442.88,Mar-2019,Feb-2019,0.0,62.0,1,Joint App,67590.0,24.54,,0.0,0.0,92620.0,1.0,0.0,0.0,0.0,206.0,0.0,,2.0,3.0,7853.0,84.0,16800.0,0.0,0.0,0.0,3.0,13231.0,666.0,95.5,0.0,0.0,231.0,54.0,6.0,6.0,1.0,6.0,,,,0.0,5.0,5.0,5.0,5.0,6.0,6.0,6.0,5.0,7.0,0.0,0.0,0.0,2.0,76.9,100.0,0.0,0.0,126400.0,14134.0,14800.0,0.0,32918.0,Dec-1996,0.0,0.0,17.0,92.0,6.0,11.0,0.0,0.0,,N,,,,,,,,,,,,,,,DirectPay,N,,,,,,
35,,,3500,3500,3500.0, 36 months,20.89,131.67,D,D4,Budget & Procurement Specialist,10+ years,RENT,33190.0,Source Verified,Dec-2018,Current,n,,,credit_card,Credit card refinancing,850xx,AZ,19.71,0.0,Sep-2006,0.0,36.0,,8.0,0.0,5072,69.5,13.0,w,3357.29,3357.29,257.25,257.25,142.71,114.54,0.0,0.0,0.0,Feb-2019,131.67,Mar-2019,Feb-2019,0.0,,1,Individual,,,,0.0,0.0,9812.0,0.0,1.0,0.0,1.0,17.0,4740.0,68.0,0.0,0.0,1140.0,69.0,7300.0,1.0,2.0,0.0,1.0,1227.0,1867.0,54.5,0.0,0.0,147.0,138.0,39.0,17.0,0.0,39.0,,17.0,36.0,0.0,4.0,7.0,4.0,6.0,4.0,7.0,9.0,7.0,8.0,0.0,0.0,0.0,0.0,92.3,75.0,0.0,0.0,14300.0,9812.0,4100.0,7000.0,,,,,,,,,,,,N,,,,,,,,,,,,,,,Cash,N,,,,,,
36,,,12000,12000,12000.0, 36 months,26.31,485.48,E,E4,,5 years,OWN,19000.0,Not Verified,Dec-2018,Current,n,,,credit_card,Credit card refinancing,628xx,IL,35.88,0.0,Aug-1996,0.0,,,7.0,0.0,13467,70.5,11.0,w,11550.36,11550.36,944.65,944.65,449.64,495.01,0.0,0.0,0.0,Feb-2019,485.48,Mar-2019,Feb-2019,0.0,,1,Individual,,,,0.0,0.0,15094.0,0.0,1.0,0.0,0.0,28.0,1627.0,32.0,0.0,1.0,8041.0,62.0,19100.0,0.0,0.0,5.0,1.0,2516.0,709.0,93.4,0.0,0.0,126.0,268.0,24.0,24.0,0.0,140.0,,0.0,,0.0,2.0,5.0,2.0,2.0,2.0,6.0,9.0,5.0,7.0,0.0,0.0,0.0,0.0,100.0,100.0,0.0,0.0,24200.0,15094.0,10700.0,5100.0,,,,,,,,,,,,N,,,,,,,,,,,,,,,Cash,N,,,,,,
37,,,10000,10000,10000.0, 36 months,20.89,376.19,D,D4,Foreman shop ,7 years,RENT,74000.0,Not Verified,Dec-2018,Current,n,,,credit_card,Credit card refinancing,114xx,NY,11.21,0.0,May-2015,1.0,,,10.0,0.0,10669,41.5,12.0,w,9082.09,9082.09,1234.97,1234.97,917.91,317.06,0.0,0.0,0.0,Feb-2019,376.19,Mar-2019,Feb-2019,0.0,,1,Individual,,,,0.0,0.0,13787.0,4.0,2.0,2.0,2.0,4.0,3118.0,68.0,5.0,6.0,3419.0,46.0,25700.0,0.0,0.0,1.0,8.0,1379.0,8880.0,54.5,0.0,0.0,4.0,43.0,3.0,3.0,0.0,7.0,,4.0,,0.0,5.0,6.0,5.0,6.0,2.0,8.0,10.0,6.0,10.0,0.0,0.0,0.0,7.0,100.0,40.0,0.0,0.0,30272.0,13787.0,19500.0,4572.0,,,,,,,,,,,,N,,,,,,,,,,,,,,,Cash,N,,,,,,
38,,,6000,6000,5975.0, 36 months,6.46,183.79,A,A1,Substance Abuse Counselor,1 year,MORTGAGE,40000.0,Source Verified,Dec-2018,Current,n,,,credit_card,Credit card refinancing,750xx,TX,12.87,0.0,Nov-1999,1.0,,,9.0,0.0,7313,29.8,15.0,f,5848.5,5824.13,185.95,185.18,151.5,34.45,0.0,0.0,0.0,Feb-2019,189.18,Mar-2019,Feb-2019,0.0,,1,Individual,,,,0.0,0.0,66069.0,1.0,2.0,1.0,2.0,11.0,12605.0,90.0,1.0,1.0,3179.0,52.0,24500.0,1.0,0.0,3.0,3.0,7341.0,15085.0,26.8,0.0,0.0,20.0,229.0,3.0,3.0,2.0,29.0,,3.0,,0.0,2.0,3.0,4.0,6.0,2.0,6.0,11.0,3.0,9.0,0.0,0.0,0.0,2.0,100.0,25.0,0.0,0.0,88400.0,19918.0,20600.0,14025.0,,,,,,,,,,,,N,,,,,,,,,,,,,,,DirectPay,N,,,,,,
39,,,25000,25000,25000.0, 60 months,27.27,767.43,E,E5,Business Intelligence Engineer,5 years,MORTGAGE,171000.0,Not Verified,Dec-2018,Current,n,,,credit_card,Credit card refinancing,980xx,WA,14.66,1.0,Dec-1998,1.0,10.0,,14.0,0.0,19599,75.4,50.0,w,24800.69,24800.69,748.5,748.5,199.31,549.19,0.0,0.0,0.0,Feb-2019,805.31,Mar-2019,Jan-2019,0.0,,1,Joint App,176000.0,15.42,Not Verified,0.0,0.0,588038.0,2.0,5.0,2.0,5.0,5.0,122761.0,85.0,1.0,4.0,12247.0,82.0,26000.0,1.0,8.0,4.0,10.0,45234.0,1753.0,87.5,0.0,0.0,139.0,148.0,12.0,5.0,5.0,24.0,,3.0,10.0,0.0,1.0,2.0,2.0,6.0,28.0,7.0,15.0,2.0,14.0,0.0,0.0,0.0,3.0,95.7,50.0,0.0,0.0,618336.0,142360.0,14000.0,137816.0,19599.0,May-2007,1.0,2.0,3.0,95.7,1.0,5.0,0.0,0.0,,N,,,,,,,,,,,,,,,Cash,N,,,,,,
40,,,20000,20000,20000.0, 36 months,12.98,673.69,B,B5,FC,5 years,RENT,74800.0,Not Verified,Dec-2018,Current,n,,,debt_consolidation,Debt consolidation,618xx,IL,23.5,0.0,Aug-1989,0.0,,,10.0,0.0,30052,88.4,18.0,w,19080.34,19080.34,1325.75,1325.75,919.66,406.09,0.0,0.0,0.0,Feb-2019,673.69,Mar-2019,Feb-2019,0.0,,1,Individual,,,,0.0,0.0,39977.0,0.0,2.0,0.0,2.0,15.0,9925.0,55.0,0.0,1.0,13324.0,77.0,34000.0,1.0,1.0,0.0,3.0,4442.0,748.0,97.4,0.0,0.0,303.0,247.0,16.0,15.0,0.0,16.0,,13.0,,0.0,4.0,6.0,4.0,6.0,6.0,8.0,10.0,6.0,10.0,0.0,0.0,0.0,0.0,100.0,100.0,0.0,0.0,52000.0,39977.0,28700.0,18000.0,,,,,,,,,,,,N,,,,,,,,,,,,,,,Cash,N,,,,,,
41,,,2200,2200,2200.0, 36 months,15.02,76.29,C,C3,,,RENT,70000.0,Not Verified,Dec-2018,Current,n,,,debt_consolidation,Debt consolidation,871xx,NM,14.16,1.0,Feb-2006,0.0,7.0,,7.0,0.0,1012,77.8,12.0,w,2101.88,2101.88,149.83,149.83,98.12,51.71,0.0,0.0,0.0,Feb-2019,76.29,Mar-2019,Feb-2019,0.0,47.0,1,Individual,,,,0.0,0.0,174948.0,0.0,4.0,1.0,3.0,8.0,16302.0,56.0,0.0,1.0,632.0,57.0,1300.0,2.0,0.0,1.0,4.0,24993.0,288.0,77.8,0.0,0.0,123.0,133.0,24.0,8.0,1.0,24.0,,8.0,,1.0,2.0,2.0,2.0,2.0,8.0,2.0,3.0,2.0,7.0,0.0,0.0,0.0,1.0,83.3,100.0,0.0,0.0,228937.0,17314.0,1300.0,29137.0,,,,,,,,,,,,N,,,,,,,,,,,,,,,Cash,N,,,,,,
42,,,25000,25000,25000.0, 60 months,17.97,634.43,D,D1,Information technology ,7 years,RENT,53000.0,Verified,Dec-2018,Current,n,,,debt_consolidation,Debt consolidation,368xx,AL,12.64,0.0,Apr-2012,0.0,,,3.0,0.0,26258,83.4,10.0,w,24476.0,24476.0,1231.42,1231.42,524.0,707.42,0.0,0.0,0.0,Feb-2019,634.43,Mar-2019,Feb-2019,0.0,,1,Individual,,,,0.0,0.0,26258.0,0.0,0.0,1.0,1.0,11.0,0.0,,0.0,0.0,0.0,83.0,31500.0,0.0,6.0,0.0,1.0,8753.0,,,0.0,0.0,80.0,79.0,55.0,11.0,0.0,,,,,0.0,0.0,3.0,0.0,0.0,6.0,3.0,4.0,3.0,3.0,0.0,0.0,0.0,1.0,100.0,,0.0,0.0,31500.0,26258.0,0.0,0.0,,,,,,,,,,,,N,,,,,,,,,,,,,,,DirectPay,N,,,,,,
43,,,4000,4000,4000.0, 36 months,11.8,132.48,B,B4,,,RENT,20000.0,Not Verified,Dec-2018,Current,n,,,debt_consolidation,Debt consolidation,151xx,PA,12.24,0.0,Sep-2012,0.0,,,19.0,0.0,1045,3.9,28.0,w,3812.79,3812.79,261.03,261.03,187.21,73.82,0.0,0.0,0.0,Feb-2019,132.48,Mar-2019,Feb-2019,0.0,,1,Individual,,,,0.0,500.0,4255.0,1.0,1.0,1.0,1.0,10.0,3210.0,80.0,4.0,8.0,646.0,14.0,26900.0,1.0,0.0,2.0,9.0,224.0,13204.0,7.0,0.0,0.0,75.0,56.0,4.0,4.0,0.0,8.0,,10.0,,0.0,3.0,4.0,7.0,10.0,2.0,18.0,26.0,4.0,19.0,0.0,0.0,0.0,5.0,100.0,0.0,0.0,0.0,30900.0,4255.0,14200.0,4000.0,,,,,,,,,,,,N,,,,,,,,,,,,,,,Cash,N,,,,,,
44,,,1250,1250,1250.0, 36 months,23.4,48.65,E,E1,BANKER,10+ years,RENT,52000.0,Source Verified,Dec-2018,Current,n,,,other,Other,477xx,IN,9.9,0.0,Jan-2011,2.0,,,7.0,0.0,8050,28.9,10.0,w,1201.07,1201.07,94.86,94.86,48.93,45.93,0.0,0.0,0.0,Feb-2019,48.65,Mar-2019,Dec-2018,0.0,,1,Individual,,,,0.0,0.0,8050.0,1.0,0.0,0.0,0.0,53.0,0.0,,1.0,2.0,4356.0,29.0,27900.0,1.0,0.0,2.0,2.0,1150.0,6483.0,54.3,0.0,0.0,53.0,95.0,2.0,2.0,0.0,2.0,,1.0,,0.0,4.0,7.0,4.0,6.0,1.0,7.0,9.0,7.0,7.0,0.0,0.0,0.0,1.0,100.0,0.0,0.0,0.0,27900.0,8050.0,14200.0,0.0,,,,,,,,,,,,N,,,,,,,,,,,,,,,Cash,N,,,,,,
45,,,10400,10400,10400.0, 36 months,12.98,350.32,B,B5,Program Support Assistant ,10+ years,MORTGAGE,56099.0,Source Verified,Dec-2018,Current,n,,,credit_card,Credit card refinancing,800xx,CO,20.92,0.0,Jul-2013,2.0,32.0,67.0,8.0,1.0,1669,9.8,10.0,w,9921.77,9921.77,689.39,689.39,478.23,211.16,0.0,0.0,0.0,Feb-2019,350.32,Mar-2019,Feb-2019,0.0,,1,Individual,,,,0.0,0.0,39564.0,4.0,2.0,1.0,2.0,1.0,37895.0,92.0,3.0,6.0,725.0,36.0,17000.0,1.0,0.0,4.0,8.0,4946.0,15331.0,9.8,0.0,0.0,65.0,57.0,1.0,1.0,0.0,1.0,,0.0,32.0,0.0,3.0,3.0,6.0,6.0,3.0,6.0,7.0,3.0,8.0,0.0,0.0,0.0,4.0,90.0,0.0,1.0,0.0,60709.0,39564.0,17000.0,43709.0,,,,,,,,,,,,N,,,,,,,,,,,,,,,Cash,N,,,,,,
46,,,7500,7500,7475.0, 36 months,11.8,248.4,B,B4,,,MORTGAGE,32700.0,Not Verified,Dec-2018,Current,n,,,debt_consolidation,Debt consolidation,716xx,AR,28.26,0.0,Jul-2005,0.0,,,8.0,0.0,7144,44.1,10.0,f,7148.98,7125.15,489.42,487.79,351.02,138.4,0.0,0.0,0.0,Feb-2019,248.4,Mar-2019,Feb-2019,0.0,,1,Individual,,,,0.0,0.0,113541.0,1.0,3.0,1.0,1.0,6.0,27695.0,59.0,0.0,0.0,3157.0,55.0,16200.0,1.0,0.0,2.0,1.0,14193.0,5056.0,58.6,0.0,0.0,161.0,146.0,29.0,6.0,2.0,29.0,,6.0,,0.0,3.0,3.0,3.0,3.0,4.0,4.0,4.0,3.0,8.0,0.0,0.0,0.0,1.0,100.0,66.7,0.0,0.0,160477.0,34839.0,12200.0,46648.0,,,,,,,,,,,,N,,,,,,,,,,,,,,,Cash,N,,,,,,
47,,,7000,7000,6975.0, 36 months,10.72,228.25,B,B2,Business Analyst,< 1 year,MORTGAGE,97000.0,Source Verified,Dec-2018,Current,n,,,other,Other,201xx,VA,33.17,0.0,Sep-2011,1.0,,,18.0,0.0,1988,7.5,30.0,f,4838.45,4821.17,2238.38,2230.39,2161.55,76.83,0.0,0.0,0.0,Feb-2019,244.63,Mar-2019,Feb-2019,0.0,,1,Individual,,,,0.0,0.0,589583.0,2.0,14.0,3.0,6.0,1.0,113133.0,59.0,0.0,1.0,1988.0,49.0,26600.0,5.0,0.0,4.0,8.0,32755.0,19612.0,9.2,0.0,0.0,87.0,66.0,23.0,1.0,1.0,42.0,,1.0,,0.0,1.0,1.0,2.0,4.0,20.0,3.0,8.0,1.0,18.0,0.0,0.0,0.0,3.0,100.0,0.0,0.0,0.0,677593.0,115121.0,21600.0,160050.0,,,,,,,,,,,,N,,,,,,,,,,,,,,,Cash,N,,,,,,
48,,,25000,25000,25000.0, 36 months,12.98,842.11,B,B5,,,OWN,30000.0,Not Verified,Dec-2018,Current,n,,,debt_consolidation,Debt consolidation,028xx,RI,24.88,0.0,Aug-1999,0.0,,,5.0,0.0,14231,23.8,12.0,w,23850.43,23850.43,1657.18,1657.18,1149.57,507.61,0.0,0.0,0.0,Feb-2019,842.11,Mar-2019,Feb-2019,0.0,,1,Individual,,,,0.0,0.0,18729.0,0.0,1.0,0.0,2.0,17.0,4498.0,38.0,0.0,0.0,12843.0,26.0,59800.0,2.0,1.0,0.0,2.0,3746.0,45569.0,23.8,0.0,0.0,174.0,232.0,87.0,17.0,0.0,87.0,,17.0,,0.0,3.0,3.0,4.0,5.0,6.0,4.0,6.0,3.0,5.0,0.0,0.0,0.0,0.0,100.0,25.0,0.0,0.0,71800.0,18729.0,59800.0,12000.0,,,,,,,,,,,,N,,,,,,,,,,,,,,,Cash,N,,,,,,
49,,,8000,8000,8000.0, 36 months,11.8,264.96,B,B4,Program Manager,7 years,MORTGAGE,85000.0,Not Verified,Dec-2018,Current,n,,,credit_card,Credit card refinancing,366xx,AL,23.61,0.0,Dec-1991,1.0,,,11.0,0.0,29038,47.2,29.0,w,7625.58,7625.58,522.05,522.05,374.42,147.63,0.0,0.0,0.0,Feb-2019,264.96,Mar-2019,Feb-2019,0.0,,1,Individual,,,,0.0,0.0,103435.0,0.0,3.0,0.0,1.0,22.0,74397.0,35.0,1.0,3.0,10929.0,44.0,61500.0,1.0,0.0,1.0,4.0,10344.0,19302.0,57.8,0.0,0.0,123.0,324.0,9.0,9.0,0.0,9.0,,4.0,,0.0,5.0,7.0,5.0,8.0,18.0,8.0,11.0,7.0,11.0,0.0,0.0,0.0,1.0,100.0,60.0,0.0,0.0,151710.0,103435.0,45700.0,90210.0,,,,,,,,,,,,N,,,,,,,,,,,,,,,Cash,N,,,,,,
50,,,9000,9000,9000.0, 36 months,10.33,291.81,B,B1,Millwright,4 years,MORTGAGE,75000.0,Not Verified,Dec-2018,Current,n,,,credit_card,Credit card refinancing,549xx,WI,13.14,0.0,Nov-2007,2.0,57.0,,7.0,0.0,7871,31.1,15.0,w,8569.48,8569.48,575.87,575.87,430.52,145.35,0.0,0.0,0.0,Feb-2019,291.81,Mar-2019,Feb-2019,0.0,,1,Individual,,,,0.0,0.0,97100.0,2.0,1.0,2.0,2.0,1.0,38553.0,,2.0,2.0,2958.0,31.0,25300.0,2.0,2.0,4.0,4.0,13871.0,15929.0,33.1,0.0,0.0,133.0,121.0,10.0,1.0,1.0,10.0,,2.0,74.0,0.0,4.0,4.0,4.0,4.0,8.0,5.0,6.0,4.0,7.0,0.0,0.0,0.0,4.0,86.7,0.0,0.0,0.0,119853.0,46424.0,23800.0,38553.0,,,,,,,,,,,,N,,,,,,,,,,,,,,,Cash,N,,,,,,
51,,,9600,9600,9600.0, 36 months,15.02,332.89,C,C3,Fuel truck driver,10+ years,OWN,60000.0,Not Verified,Dec-2018,Current,n,,,debt_consolidation,Debt consolidation,087xx,NJ,32.64,1.0,Oct-2007,1.0,17.0,,14.0,0.0,16424,73.0,32.0,w,9171.88,9171.88,653.76,653.76,428.12,225.64,0.0,0.0,0.0,Feb-2019,332.89,Mar-2019,Feb-2019,0.0,57.0,1,Individual,,,,0.0,0.0,65733.0,1.0,3.0,2.0,3.0,7.0,49309.0,88.0,4.0,4.0,8398.0,84.0,22500.0,7.0,0.0,10.0,7.0,4695.0,3319.0,81.4,0.0,0.0,134.0,115.0,2.0,2.0,0.0,2.0,57.0,2.0,17.0,4.0,6.0,9.0,6.0,9.0,13.0,11.0,19.0,9.0,14.0,0.0,0.0,0.0,6.0,84.4,66.7,0.0,0.0,78661.0,65733.0,17800.0,56161.0,,,,,,,,,,,,N,,,,,,,,,,,,,,,Cash,N,,,,,,
52,,,8000,8000,8000.0, 36 months,10.72,260.86,B,B2,Publications and Images Project Manager,10+ years,MORTGAGE,82923.0,Source Verified,Dec-2018,Current,n,,,car,Car financing,802xx,CO,18.55,0.0,Jul-1986,0.0,56.0,,11.0,0.0,16255,50.3,25.0,w,7619.52,7619.52,514.57,514.57,380.48,134.09,0.0,0.0,0.0,Feb-2019,260.86,Mar-2019,Feb-2019,0.0,71.0,1,Individual,,,,0.0,0.0,341504.0,1.0,3.0,0.0,2.0,15.0,55968.0,95.0,0.0,0.0,13624.0,79.0,32300.0,0.0,1.0,4.0,3.0,34150.0,8676.0,61.1,0.0,0.0,143.0,141.0,25.0,3.0,2.0,37.0,71.0,0.0,71.0,4.0,1.0,4.0,2.0,3.0,12.0,6.0,10.0,4.0,11.0,0.0,0.0,0.0,1.0,80.0,50.0,0.0,0.0,360944.0,72223.0,22300.0,59007.0,,,,,,,,,,,,N,,,,,,,,,,,,,,,Cash,N,,,,,,
53,,,12000,12000,12000.0, 36 months,16.14,422.72,C,C4,Trainer,6 years,RENT,24000.0,Source Verified,Dec-2018,Current,n,,,credit_card,Credit card refinancing,857xx,AZ,23.55,0.0,Nov-2014,0.0,,,8.0,0.0,7188,50.3,12.0,w,11474.78,11474.78,829.3,829.3,525.22,304.08,0.0,0.0,0.0,Feb-2019,422.72,Mar-2019,Feb-2019,0.0,,1,Individual,,,,0.0,0.0,16264.0,1.0,2.0,1.0,3.0,10.0,9076.0,76.0,2.0,2.0,1839.0,62.0,14300.0,1.0,3.0,1.0,5.0,2033.0,361.0,91.0,0.0,0.0,42.0,49.0,3.0,3.0,0.0,3.0,,11.0,,0.0,2.0,6.0,2.0,2.0,4.0,6.0,8.0,6.0,8.0,0.0,0.0,0.0,3.0,100.0,100.0,0.0,0.0,26248.0,16264.0,4000.0,11948.0,,,,,,,,,,,,N,,,,,,,,,,,,,,,Cash,N,,,,,,
54,,,20000,20000,20000.0, 36 months,13.56,679.29,C,C1,Armed Security officer,9 years,MORTGAGE,40000.0,Verified,Dec-2018,Current,n,,,debt_consolidation,Debt consolidation,064xx,CT,31.02,7.0,Apr-1995,0.0,4.0,,16.0,0.0,17101,48.0,27.0,w,19088.3,19088.3,1335.98,1335.98,911.7,424.28,0.0,0.0,0.0,Feb-2019,679.29,Mar-2019,Dec-2018,0.0,,1,Individual,,,,0.0,0.0,30051.0,0.0,2.0,0.0,1.0,21.0,12950.0,47.0,0.0,0.0,12330.0,48.0,35900.0,0.0,0.0,1.0,1.0,1878.0,4520.0,71.0,0.0,0.0,56.0,284.0,59.0,21.0,1.0,60.0,9.0,9.0,4.0,0.0,5.0,14.0,3.0,7.0,2.0,14.0,25.0,8.0,16.0,,0.0,0.0,0.0,67.0,40.0,0.0,0.0,63645.0,30051.0,22600.0,27745.0,,,,,,,,,,,,N,,,,,,,,,,,,,,,DirectPay,N,,,,,,
55,,,40000,40000,40000.0, 60 months,14.47,940.51,C,C2,,< 1 year,MORTGAGE,500000.0,Source Verified,Dec-2018,Current,n,,,debt_consolidation,Debt consolidation,302xx,GA,13.47,0.0,Jul-1992,1.0,,,14.0,0.0,306893,84.1,27.0,w,39078.12,39078.12,1832.79,1832.79,921.88,910.91,0.0,0.0,0.0,Feb-2019,940.51,Mar-2019,Jan-2019,0.0,,1,Individual,,,,0.0,0.0,813860.0,2.0,5.0,2.0,3.0,2.0,147101.0,51.0,0.0,0.0,39889.0,69.0,349200.0,5.0,0.0,6.0,3.0,58133.0,8890.0,83.9,0.0,0.0,174.0,317.0,39.0,2.0,3.0,39.0,,3.0,,0.0,4.0,7.0,4.0,8.0,10.0,7.0,14.0,7.0,14.0,0.0,0.0,0.0,2.0,100.0,100.0,0.0,0.0,1197171.0,453994.0,89200.0,184971.0,,,,,,,,,,,,N,,,,,,,,,,,,,,,Cash,N,,,,,,
56,,,14400,14400,14400.0, 60 months,14.47,338.59,C,C2,Director,3 years,RENT,110000.0,Not Verified,Dec-2018,Current,n,,,debt_consolidation,Debt consolidation,920xx,CA,10.83,1.0,Aug-2006,1.0,21.0,106.0,5.0,1.0,20451,65.3,10.0,w,14068.11,14068.11,659.82,659.82,331.89,327.93,0.0,0.0,0.0,Feb-2019,338.59,Mar-2019,Feb-2019,0.0,21.0,1,Individual,,,,0.0,0.0,35067.0,1.0,1.0,1.0,1.0,3.0,14616.0,97.0,0.0,0.0,10885.0,76.0,31300.0,0.0,3.0,1.0,1.0,7013.0,9460.0,55.6,0.0,0.0,59.0,148.0,60.0,3.0,1.0,77.0,,4.0,,1.0,2.0,3.0,3.0,3.0,3.0,4.0,6.0,3.0,5.0,0.0,0.0,1.0,1.0,90.0,33.3,1.0,0.0,46300.0,35067.0,21300.0,15000.0,,,,,,,,,,,,N,,,,,,,,,,,,,,,Cash,N,,,,,,
57,,,22400,22400,22400.0, 36 months,8.81,710.34,A,A5,Manager,2 years,MORTGAGE,30000.0,Source Verified,Dec-2018,Current,n,,,debt_consolidation,Debt consolidation,062xx,CT,43.32,0.0,Oct-1988,0.0,,,9.0,0.0,13929,41.7,17.0,w,21304.22,21304.22,1404.23,1404.23,1095.78,308.45,0.0,0.0,0.0,Feb-2019,710.34,Mar-2019,Feb-2019,0.0,,1,Joint App,85000.0,27.84,Source Verified,0.0,0.0,210356.0,0.0,2.0,0.0,1.0,20.0,7476.0,39.0,1.0,2.0,5361.0,41.0,33400.0,0.0,0.0,1.0,3.0,23373.0,8986.0,55.1,0.0,0.0,151.0,362.0,11.0,11.0,2.0,11.0,,11.0,,0.0,3.0,5.0,3.0,3.0,4.0,6.0,11.0,5.0,9.0,0.0,0.0,0.0,1.0,100.0,0.0,0.0,0.0,260635.0,21405.0,20000.0,19174.0,34437.0,Oct-2006,0.0,2.0,10.0,71.8,3.0,9.0,0.0,0.0,,N,,,,,,,,,,,,,,,Cash,N,,,,,,
58,,,25000,25000,25000.0, 36 months,10.33,810.56,B,B1,Agent,2 years,OWN,78000.0,Not Verified,Dec-2018,Current,n,,,debt_consolidation,Debt consolidation,371xx,TN,25.67,0.0,Feb-2005,0.0,,,15.0,0.0,23635,49.0,24.0,w,23804.17,23804.17,1599.6,1599.6,1195.83,403.77,0.0,0.0,0.0,Feb-2019,810.56,Mar-2019,Feb-2019,0.0,,1,Individual,,,,0.0,0.0,41676.0,0.0,2.0,0.0,2.0,17.0,18041.0,72.0,0.0,1.0,6443.0,57.0,48200.0,1.0,1.0,0.0,3.0,2778.0,8447.0,68.1,0.0,0.0,142.0,166.0,13.0,13.0,1.0,29.0,,13.0,,0.0,6.0,12.0,7.0,8.0,7.0,13.0,16.0,12.0,15.0,0.0,0.0,0.0,0.0,100.0,28.6,0.0,0.0,73350.0,41676.0,26500.0,25150.0,,,,,,,,,,,,N,,,,,,,,,,,,,,,Cash,N,,,,,,
59,,,26000,26000,26000.0, 60 months,18.94,673.6,D,D2,Mortgage loan processor,10+ years,MORTGAGE,40000.0,Source Verified,Dec-2018,Current,n,,,debt_consolidation,Debt consolidation,486xx,MI,20.61,0.0,Aug-2002,0.0,41.0,,3.0,0.0,1372,17.8,22.0,w,25469.38,25469.38,1306.16,1306.16,530.62,775.54,0.0,0.0,0.0,Feb-2019,673.6,Mar-2019,Feb-2019,0.0,,1,Individual,,,,0.0,258.0,68591.0,0.0,1.0,1.0,2.0,9.0,21766.0,87.0,0.0,0.0,1372.0,71.0,7700.0,1.0,0.0,0.0,2.0,22864.0,6328.0,17.8,0.0,0.0,61.0,189.0,56.0,9.0,1.0,56.0,41.0,17.0,41.0,0.0,1.0,1.0,1.0,12.0,7.0,1.0,14.0,1.0,3.0,0.0,0.0,0.0,1.0,90.9,0.0,0.0,0.0,105000.0,23138.0,7700.0,25000.0,,,,,,,,,,,,N,,,,,,,,,,,,,,,Cash,N,,,,,,
60,,,25000,25000,25000.0, 60 months,15.02,595.02,C,C3,CFO ,10+ years,MORTGAGE,63500.0,Verified,Dec-2018,Current,n,,,debt_consolidation,Debt consolidation,287xx,NC,27.52,0.0,Oct-2003,0.0,,60.0,7.0,1.0,7742,41.0,23.0,w,24432.26,24432.26,1158.75,1158.75,567.74,591.01,0.0,0.0,0.0,Feb-2019,595.02,Mar-2019,Feb-2019,0.0,,1,Joint App,123500.0,14.53,Verified,0.0,0.0,85514.0,1.0,2.0,3.0,4.0,3.0,77772.0,93.0,1.0,3.0,3215.0,71.0,18900.0,0.0,0.0,4.0,7.0,12216.0,9185.0,25.9,0.0,0.0,141.0,182.0,7.0,3.0,1.0,33.0,,11.0,,0.0,1.0,4.0,2.0,4.0,13.0,5.0,9.0,4.0,7.0,0.0,0.0,0.0,4.0,100.0,0.0,1.0,0.0,100078.0,85514.0,12400.0,81178.0,7980.0,Nov-1996,0.0,2.0,10.0,26.3,2.0,10.0,0.0,0.0,,N,,,,,,,,,,,,,,,Cash,N,,,,,,
61,,,1000,1000,1000.0, 36 months,30.75,42.87,F,F5,,,MORTGAGE,50000.0,Verified,Dec-2018,Current,n,,,other,Other,604xx,IL,19.9,0.0,Apr-2004,0.0,,,5.0,0.0,9833,99.3,12.0,w,965.07,965.07,83.18,83.18,34.93,48.25,0.0,0.0,0.0,Feb-2019,42.87,Mar-2019,Feb-2019,0.0,,1,Individual,,,,0.0,0.0,184668.0,1.0,2.0,1.0,1.0,6.0,18397.0,65.0,1.0,1.0,4959.0,74.0,9900.0,3.0,1.0,7.0,3.0,36934.0,67.0,99.3,0.0,0.0,140.0,173.0,9.0,6.0,3.0,9.0,,6.0,,0.0,2.0,2.0,2.0,4.0,4.0,2.0,5.0,2.0,5.0,0.0,0.0,0.0,2.0,100.0,100.0,0.0,0.0,199227.0,28230.0,9900.0,28489.0,,,,,,,,,,,,N,,,,,,,,,,,,,,,Cash,N,,,,,,
62,,,2000,2000,2000.0, 36 months,8.19,62.85,A,A4,Laborer,4 years,MORTGAGE,100000.0,Not Verified,Dec-2018,Current,n,,,credit_card,Credit card refinancing,154xx,PA,16.42,0.0,Aug-2005,0.0,,,13.0,0.0,14865,46.9,23.0,w,1901.26,1901.26,124.34,124.34,98.74,25.6,0.0,0.0,0.0,Feb-2019,62.85,Mar-2019,Feb-2019,0.0,,1,Individual,,,,0.0,0.0,192652.0,1.0,3.0,0.0,3.0,13.0,38838.0,70.0,2.0,5.0,4207.0,62.0,31700.0,1.0,1.0,0.0,9.0,14819.0,9915.0,53.7,0.0,0.0,148.0,160.0,4.0,4.0,3.0,10.0,,17.0,,0.0,5.0,8.0,5.0,5.0,9.0,9.0,11.0,8.0,13.0,0.0,0.0,0.0,2.0,100.0,0.0,0.0,0.0,232306.0,53703.0,21400.0,55275.0,,,,,,,,,,,,N,,,,,,,,,,,,,,,Cash,N,,,,,,
63,,,9000,9000,8975.0, 36 months,6.46,275.68,A,A1,Driver,10+ years,MORTGAGE,35000.0,Source Verified,Dec-2018,Current,n,,,debt_consolidation,Debt consolidation,068xx,CT,32.65,0.0,Apr-2012,0.0,,,13.0,0.0,6385,15.6,15.0,f,8544.32,8520.58,546.52,545.0,455.68,90.84,0.0,0.0,0.0,Feb-2019,275.68,Mar-2019,Feb-2019,0.0,,1,Individual,,,,0.0,0.0,53018.0,1.0,3.0,0.0,1.0,18.0,17874.0,43.0,2.0,4.0,1736.0,30.0,40800.0,1.0,0.0,0.0,5.0,4078.0,27515.0,17.9,0.0,0.0,54.0,80.0,2.0,2.0,1.0,8.0,,18.0,,0.0,5.0,6.0,6.0,6.0,4.0,9.0,9.0,6.0,13.0,0.0,0.0,0.0,2.0,100.0,0.0,0.0,0.0,122237.0,24259.0,33500.0,41362.0,,,,,,,,,,,,N,,,,,,,,,,,,,,,DirectPay,N,,,,,,
64,,,20000,20000,20000.0, 36 months,13.56,679.29,C,C1,Lead Transportation Security Officer,10+ years,MORTGAGE,98500.0,Source Verified,Dec-2018,Current,n,,,debt_consolidation,Debt consolidation,946xx,CA,9.06,0.0,Jun-2007,1.0,,92.0,11.0,1.0,9382,19.3,12.0,w,19088.3,19088.3,1335.98,1335.98,911.7,424.28,0.0,0.0,0.0,Feb-2019,679.29,Mar-2019,Feb-2019,0.0,,1,Individual,,,,0.0,0.0,22934.0,3.0,1.0,1.0,1.0,3.0,13552.0,97.0,2.0,5.0,4493.0,37.0,48700.0,1.0,0.0,2.0,6.0,2085.0,30833.0,20.7,0.0,0.0,3.0,138.0,3.0,3.0,0.0,3.0,,3.0,,0.0,3.0,5.0,7.0,7.0,1.0,10.0,11.0,5.0,11.0,0.0,0.0,0.0,3.0,100.0,14.3,1.0,0.0,62740.0,22934.0,38900.0,14040.0,,,,,,,,,,,,N,,,,,,,,,,,,,,,Cash,N,,,,,,
65,,,29450,29450,29450.0, 36 months,8.19,925.44,A,A4,General Manager,10+ years,MORTGAGE,161000.0,Source Verified,Dec-2018,Current,n,,,debt_consolidation,Debt consolidation,933xx,CA,10.99,0.0,Aug-1990,0.0,42.0,,6.0,0.0,19313,70.0,18.0,w,27996.17,27996.17,1830.78,1830.78,1453.83,376.95,0.0,0.0,0.0,Feb-2019,925.44,Mar-2019,Feb-2019,0.0,,1,Individual,,,,0.0,176.0,370187.0,0.0,2.0,0.0,2.0,13.0,24407.0,66.0,0.0,0.0,16771.0,68.0,27600.0,3.0,0.0,0.0,2.0,61698.0,2287.0,89.4,0.0,0.0,129.0,340.0,96.0,13.0,4.0,118.0,42.0,13.0,42.0,0.0,2.0,2.0,2.0,3.0,8.0,3.0,6.0,2.0,6.0,0.0,0.0,0.0,0.0,94.4,50.0,0.0,0.0,436091.0,43720.0,21600.0,36789.0,,,,,,,,,,,,N,,,,,,,,,,,,,,,Cash,N,,,,,,
66,,,34625,34625,34625.0, 60 months,16.14,844.6,C,C4,Vice President,10+ years,MORTGAGE,137500.0,Source Verified,Dec-2018,Current,n,,,debt_consolidation,Debt consolidation,779xx,TX,27.88,0.0,Dec-1990,1.0,,,19.0,0.0,60229,61.5,31.0,w,34246.1,34246.1,813.56,813.56,378.9,434.66,0.0,0.0,0.0,Feb-2019,860.13,Mar-2019,Feb-2019,0.0,,1,Individual,,,,0.0,0.0,333362.0,2.0,7.0,2.0,4.0,4.0,94118.0,78.0,0.0,0.0,23788.0,70.0,98000.0,1.0,1.0,1.0,4.0,17545.0,22258.0,69.9,0.0,0.0,153.0,336.0,41.0,4.0,3.0,62.0,,6.0,,0.0,6.0,9.0,6.0,8.0,13.0,11.0,15.0,9.0,19.0,0.0,0.0,0.0,2.0,100.0,66.7,0.0,0.0,445453.0,154347.0,73900.0,137413.0,,,,,,,,,,,,N,,,,,,,,,,,,,,,Cash,N,,,,,,
67,,,31450,31450,31450.0, 36 months,7.56,979.16,A,A3,Construction Manager,7 years,MORTGAGE,130000.0,Verified,Dec-2018,Current,n,,,debt_consolidation,Debt consolidation,895xx,NV,9.29,0.0,Jul-1997,0.0,,,11.0,0.0,65911,63.1,17.0,w,29883.02,29883.02,1885.68,1885.68,1566.98,318.7,0.0,0.0,0.0,Feb-2019,979.16,Mar-2019,Feb-2019,0.0,,1,Joint App,239000.0,12.77,Verified,0.0,0.0,422806.0,0.0,0.0,0.0,0.0,75.0,0.0,,0.0,0.0,18962.0,63.0,104400.0,0.0,2.0,1.0,0.0,42281.0,29007.0,53.5,0.0,0.0,89.0,257.0,28.0,28.0,3.0,28.0,,11.0,,0.0,4.0,6.0,6.0,6.0,2.0,10.0,12.0,6.0,11.0,0.0,0.0,0.0,0.0,100.0,33.3,0.0,0.0,519900.0,65911.0,62400.0,0.0,64367.0,Jul-1997,0.0,3.0,14.0,60.9,1.0,19.0,0.0,0.0,,N,,,,,,,,,,,,,,,Cash,N,,,,,,
68,,,15500,15500,15500.0, 36 months,10.72,505.4,B,B2,Administrative Assistant ,10+ years,RENT,52000.0,Not Verified,Dec-2018,Current,n,,,credit_card,Credit card refinancing,925xx,CA,16.66,0.0,Oct-2007,0.0,,,13.0,0.0,13496,33.9,16.0,w,14762.86,14762.86,996.95,996.95,737.14,259.81,0.0,0.0,0.0,Feb-2019,505.4,Mar-2019,Feb-2019,1.0,,1,Individual,,,,0.0,349.0,19386.0,1.0,1.0,0.0,1.0,15.0,5890.0,59.0,3.0,4.0,6061.0,39.0,39800.0,0.0,2.0,1.0,5.0,1491.0,14251.0,47.4,0.0,0.0,60.0,134.0,6.0,6.0,0.0,6.0,,11.0,,0.0,6.0,8.0,7.0,9.0,2.0,12.0,14.0,8.0,13.0,0.0,0.0,0.0,3.0,100.0,0.0,0.0,0.0,49742.0,19386.0,27100.0,9942.0,,,,,,,,,,,,N,,,,,,,,,,,,,,,Cash,N,,,,,,
69,,,12000,12000,12000.0, 36 months,11.8,397.43,B,B4,Transportation Manager,10+ years,RENT,79365.0,Source Verified,Dec-2018,Current,n,,,debt_consolidation,Debt consolidation,104xx,NY,29.7,0.0,Sep-1988,2.0,25.0,,20.0,0.0,4957,27.8,32.0,w,11438.39,11438.39,783.06,783.06,561.61,221.45,0.0,0.0,0.0,Feb-2019,397.43,Mar-2019,Feb-2019,0.0,35.0,1,Individual,,,,0.0,0.0,80734.0,6.0,8.0,4.0,6.0,2.0,75777.0,89.0,3.0,4.0,1070.0,78.0,17800.0,2.0,0.0,4.0,10.0,4037.0,3973.0,40.7,0.0,0.0,107.0,363.0,1.0,1.0,0.0,24.0,,1.0,26.0,1.0,4.0,11.0,5.0,5.0,11.0,12.0,20.0,11.0,20.0,0.0,0.0,0.0,7.0,81.3,0.0,0.0,0.0,103047.0,80734.0,6700.0,85247.0,,,,,,,,,,,,N,,,,,,,,,,,,,,,Cash,N,,,,,,
70,,,36000,36000,36000.0, 60 months,17.97,913.58,D,D1,Pharmacist,9 years,RENT,160000.0,Source Verified,Dec-2018,Current,n,,,debt_consolidation,Debt consolidation,021xx,MA,33.17,0.0,Sep-2008,1.0,,,24.0,0.0,31228,40.7,30.0,w,35245.43,35245.43,1773.25,1773.25,754.57,1018.68,0.0,0.0,0.0,Feb-2019,913.58,Mar-2019,Feb-2019,0.0,,1,Individual,,,,0.0,0.0,138100.0,2.0,14.0,2.0,3.0,6.0,105959.0,61.0,2.0,3.0,10979.0,54.0,76800.0,2.0,0.0,3.0,6.0,5754.0,45572.0,40.7,0.0,0.0,123.0,74.0,3.0,3.0,0.0,3.0,,1.0,,0.0,7.0,7.0,9.0,9.0,18.0,9.0,11.0,7.0,24.0,0.0,0.0,0.0,4.0,100.0,22.2,0.0,0.0,259812.0,138100.0,76800.0,181515.0,,,,,,,,,,,,N,,,,,,,,,,,,,,,Cash,N,,,,,,
71,,,30000,30000,30000.0, 36 months,16.14,1056.79,C,C4,Structural Engineer,7 years,MORTGAGE,116000.0,Source Verified,Dec-2018,Current,n,,,debt_consolidation,Debt consolidation,774xx,TX,28.21,1.0,Feb-1999,1.0,9.0,,11.0,0.0,32317,84.4,38.0,w,28684.63,28684.63,2073.23,2073.23,1315.37,757.86,0.0,0.0,0.0,Feb-2019,1056.79,Mar-2019,Feb-2019,0.0,,1,Individual,,,,0.0,0.0,402141.0,0.0,3.0,1.0,1.0,8.0,130534.0,60.0,0.0,1.0,7448.0,70.0,38300.0,1.0,6.0,2.0,4.0,36558.0,5606.0,80.2,0.0,0.0,185.0,238.0,13.0,8.0,3.0,13.0,,0.0,,0.0,4.0,5.0,5.0,12.0,20.0,6.0,14.0,5.0,11.0,0.0,0.0,0.0,3.0,97.4,80.0,0.0,0.0,426202.0,199424.0,28300.0,145284.0,,,,,,,,,,,,N,,,,,,,,,,,,,,,DirectPay,N,,,,,,
72,,,3000,3000,3000.0, 36 months,17.97,108.42,D,D1,IT Assistant,10+ years,RENT,50000.0,Source Verified,Dec-2018,Current,n,,,debt_consolidation,Debt consolidation,104xx,NY,30.03,0.0,Apr-2007,2.0,,62.0,23.0,1.0,8271,27.2,56.0,w,2872.06,2872.06,212.35,212.35,127.94,84.41,0.0,0.0,0.0,Feb-2019,108.42,Mar-2019,Feb-2019,0.0,,1,Individual,,,,0.0,0.0,31910.0,1.0,4.0,1.0,2.0,0.0,23639.0,63.0,0.0,5.0,4406.0,46.0,30400.0,1.0,2.0,2.0,7.0,1450.0,13459.0,32.7,0.0,0.0,116.0,136.0,17.0,0.0,0.0,20.0,,0.0,,0.0,5.0,7.0,10.0,24.0,9.0,18.0,46.0,7.0,22.0,0.0,0.0,0.0,1.0,100.0,30.0,1.0,0.0,69552.0,31910.0,20000.0,37734.0,,,,,,,,,,,,N,,,,,,,,,,,,,,,Cash,N,,,,,,
73,,,35000,35000,35000.0, 36 months,12.98,1178.96,B,B5,Anti Money Laundering Compliance Manager,2 years,RENT,112000.0,Source Verified,Dec-2018,Current,n,,,debt_consolidation,Debt consolidation,606xx,IL,15.55,0.0,Aug-2004,1.0,,,10.0,0.0,57501,87.9,18.0,w,33390.59,33390.59,2320.06,2320.06,1609.41,710.65,0.0,0.0,0.0,Feb-2019,1178.96,Mar-2019,Feb-2019,0.0,,1,Individual,,,,0.0,0.0,63497.0,1.0,1.0,0.0,1.0,19.0,5996.0,55.0,1.0,1.0,14302.0,83.0,65400.0,0.0,0.0,1.0,2.0,7055.0,5737.0,89.9,0.0,0.0,19.0,172.0,4.0,4.0,0.0,66.0,,4.0,,0.0,6.0,8.0,7.0,13.0,1.0,9.0,17.0,8.0,10.0,0.0,0.0,0.0,1.0,100.0,100.0,0.0,0.0,76400.0,63497.0,56800.0,11000.0,,,,,,,,,,,,N,,,,,,,,,,,,,,,DirectPay,N,,,,,,
74,,,26500,26500,26500.0, 60 months,11.31,580.28,B,B3,Compliance Director,10+ years,MORTGAGE,134000.0,Source Verified,Dec-2018,Current,n,,,credit_card,Credit card refinancing,747xx,OK,18.91,0.0,Dec-2006,2.0,,,17.0,0.0,43640,65.4,37.0,w,25835.85,25835.85,1135.58,1135.58,664.15,471.43,0.0,0.0,0.0,Feb-2019,580.28,Mar-2019,Feb-2019,0.0,,1,Individual,,,,0.0,0.0,381100.0,3.0,3.0,2.0,2.0,4.0,64335.0,46.0,1.0,3.0,10115.0,58.0,66700.0,2.0,1.0,7.0,6.0,22418.0,14577.0,70.4,0.0,0.0,114.0,144.0,3.0,3.0,4.0,22.0,,2.0,,0.0,8.0,10.0,9.0,10.0,7.0,13.0,26.0,10.0,17.0,0.0,0.0,0.0,4.0,100.0,66.7,0.0,0.0,430403.0,107975.0,49300.0,88875.0,,,,,,,,,,,,N,,,,,,,,,,,,,,,DirectPay,N,,,,,,
75,,,4000,4000,4000.0, 36 months,23.4,155.68,E,E1,Security,3 years,RENT,90000.0,Source Verified,Dec-2018,Current,n,,,debt_consolidation,Debt consolidation,070xx,NJ,26.33,0.0,Sep-2006,4.0,59.0,,15.0,0.0,5199,19.2,20.0,w,3843.13,3843.13,303.56,303.56,156.87,146.69,0.0,0.0,0.0,Feb-2019,155.68,Mar-2019,Feb-2019,0.0,,1,Individual,,,,0.0,0.0,66926.0,5.0,4.0,3.0,4.0,5.0,61727.0,86.0,6.0,11.0,1353.0,68.0,27100.0,4.0,0.0,4.0,15.0,4462.0,20174.0,7.9,0.0,0.0,147.0,118.0,2.0,2.0,0.0,2.0,,0.0,,0.0,5.0,7.0,9.0,9.0,8.0,11.0,12.0,7.0,15.0,0.0,0.0,0.0,9.0,95.0,0.0,0.0,0.0,98655.0,66926.0,21900.0,71555.0,,,,,,,,,,,,N,,,,,,,,,,,,,,,Cash,N,,,,,,
76,,,12000,12000,12000.0, 60 months,22.35,333.82,D,D5,Header operator ,< 1 year,OWN,65000.0,Source Verified,Dec-2018,Current,n,,,credit_card,Credit card refinancing,611xx,IL,13.05,1.0,Mar-2007,0.0,7.0,,10.0,0.0,9238,41.6,12.0,w,11777.31,11777.31,645.29,645.29,222.69,422.6,0.0,0.0,0.0,Feb-2019,333.82,Mar-2019,Feb-2019,0.0,,1,Individual,,,,0.0,0.0,15481.0,3.0,2.0,1.0,1.0,6.0,6243.0,57.0,2.0,3.0,2055.0,47.0,22200.0,0.0,2.0,1.0,4.0,1548.0,6491.0,36.4,0.0,0.0,141.0,75.0,4.0,4.0,0.0,4.0,,7.0,7.0,0.0,3.0,6.0,3.0,3.0,3.0,8.0,9.0,6.0,10.0,0.0,0.0,0.0,3.0,91.7,33.3,0.0,0.0,33200.0,15481.0,10200.0,11000.0,,,,,,,,,,,,N,,,,,,,,,,,,,,,Cash,N,,,,,,
77,,,3000,3000,3000.0, 36 months,15.02,104.03,C,C3,Banker ,4 years,MORTGAGE,60000.0,Source Verified,Dec-2018,Current,n,,,home_improvement,Home improvement,104xx,NY,21.36,0.0,Oct-2006,0.0,,,13.0,0.0,11026,49.7,20.0,w,2866.21,2866.21,204.3,204.3,133.79,70.51,0.0,0.0,0.0,Feb-2019,104.03,Mar-2019,Feb-2019,0.0,,1,Individual,,,,0.0,0.0,376508.0,1.0,4.0,2.0,3.0,2.0,49048.0,97.0,1.0,1.0,3407.0,83.0,22200.0,0.0,3.0,0.0,5.0,28962.0,5402.0,53.0,0.0,0.0,146.0,140.0,9.0,2.0,2.0,28.0,,,,0.0,4.0,7.0,4.0,6.0,7.0,8.0,11.0,7.0,13.0,0.0,0.0,0.0,3.0,95.0,25.0,0.0,0.0,400137.0,60074.0,11500.0,50524.0,,,,,,,,,,,,N,,,,,,,,,,,,,,,Cash,N,,,,,,
78,,,8000,8000,8000.0, 36 months,14.47,275.26,C,C2,Warehouse Associates,4 years,RENT,42300.0,Not Verified,Dec-2018,Current,n,,,credit_card,Credit card refinancing,405xx,KY,19.49,0.0,Jul-2014,1.0,,,11.0,0.0,8284,21.0,14.0,w,7640.26,7640.26,540.87,540.87,359.74,181.13,0.0,0.0,0.0,Feb-2019,275.26,Mar-2019,Feb-2019,0.0,,1,Individual,,,,0.0,0.0,21732.0,1.0,3.0,1.0,3.0,9.0,13448.0,64.0,3.0,5.0,4036.0,36.0,39400.0,4.0,1.0,7.0,8.0,1976.0,23710.0,25.4,0.0,0.0,28.0,53.0,2.0,2.0,0.0,7.0,,0.0,,0.0,3.0,4.0,5.0,6.0,4.0,8.0,10.0,4.0,11.0,0.0,0.0,0.0,4.0,100.0,0.0,0.0,0.0,60362.0,21732.0,31800.0,20962.0,,,,,,,,,,,,N,,,,,,,,,,,,,,,Cash,N,,,,,,
79,,,10250,10250,10250.0, 36 months,10.72,334.22,B,B2,Teacher,10+ years,MORTGAGE,96000.0,Not Verified,Dec-2018,Current,n,,,debt_consolidation,Debt consolidation,919xx,CA,8.31,0.0,May-2005,0.0,45.0,,11.0,0.0,153,4.1,24.0,w,9762.53,9762.53,659.28,659.28,487.47,171.81,0.0,0.0,0.0,Feb-2019,334.22,Mar-2019,Feb-2019,0.0,45.0,1,Individual,,,,0.0,0.0,561293.0,1.0,8.0,1.0,6.0,5.0,196555.0,91.0,0.0,0.0,0.0,87.0,3700.0,2.0,0.0,1.0,6.0,51027.0,700.0,0.0,0.0,0.0,157.0,145.0,34.0,5.0,1.0,135.0,,0.0,,2.0,0.0,1.0,1.0,4.0,13.0,2.0,10.0,1.0,11.0,0.0,0.0,0.0,1.0,87.5,0.0,0.0,0.0,506359.0,196708.0,700.0,172659.0,,,,,,,,,,,,N,,,,,,,,,,,,,,,Cash,N,,,,,,
80,,,22400,22400,22400.0, 60 months,16.14,546.4,C,C4,Paramedic/ Fire Fighter,10+ years,OWN,56000.0,Source Verified,Dec-2018,Current,n,,,credit_card,Credit card refinancing,234xx,VA,18.47,0.0,Dec-2004,0.0,75.0,,15.0,0.0,13555,38.2,22.0,w,21906.46,21906.46,1062.67,1062.67,493.54,569.13,0.0,0.0,0.0,Feb-2019,546.4,Mar-2019,Feb-2019,0.0,,1,Individual,,,,0.0,0.0,217072.0,0.0,3.0,1.0,1.0,7.0,18515.0,79.0,1.0,1.0,5789.0,55.0,35500.0,1.0,0.0,4.0,2.0,14471.0,15054.0,46.6,0.0,0.0,113.0,168.0,7.0,7.0,5.0,36.0,,5.0,,0.0,5.0,7.0,8.0,8.0,5.0,11.0,12.0,7.0,15.0,0.0,0.0,0.0,2.0,95.5,25.0,0.0,0.0,253539.0,32070.0,28200.0,23364.0,,,,,,,,,,,,N,,,,,,,,,,,,,,,Cash,N,,,,,,
81,,,27000,27000,27000.0, 60 months,15.02,642.62,C,C3,Supervisor ,10+ years,MORTGAGE,45000.0,Source Verified,Dec-2018,Current,n,,,debt_consolidation,Debt consolidation,656xx,MO,23.55,2.0,Oct-2006,0.0,12.0,,11.0,0.0,12903,64.8,24.0,w,26387.86,26387.86,1251.44,1251.44,612.14,639.3,0.0,0.0,0.0,Feb-2019,642.62,Mar-2019,Feb-2019,0.0,,1,Individual,,,,0.0,0.0,21902.0,0.0,1.0,0.0,0.0,42.0,8999.0,42.0,0.0,1.0,5787.0,53.0,19900.0,0.0,1.0,0.0,1.0,1991.0,3225.0,78.1,0.0,0.0,144.0,146.0,17.0,17.0,1.0,17.0,33.0,,12.0,0.0,6.0,8.0,7.0,13.0,5.0,10.0,18.0,8.0,11.0,0.0,0.0,0.0,0.0,87.5,57.1,0.0,0.0,41500.0,21902.0,14700.0,21600.0,,,,,,,,,,,,N,,,,,,,,,,,,,,,Cash,N,,,,,,
82,,,24000,24000,24000.0, 36 months,19.92,890.95,D,D3,overnight supervisor,7 years,RENT,30000.0,Verified,Dec-2018,Current,n,,,credit_card,Credit card refinancing,752xx,TX,67.68,0.0,Jun-1995,2.0,61.0,,14.0,0.0,14906,59.2,15.0,w,23006.72,23006.72,1742.06,1742.06,993.28,748.78,0.0,0.0,0.0,Feb-2019,890.95,Mar-2019,Feb-2019,0.0,69.0,1,Joint App,105000.0,35.52,,0.0,0.0,67646.0,1.0,2.0,1.0,1.0,6.0,52740.0,80.0,2.0,5.0,3780.0,74.0,25200.0,2.0,0.0,9.0,6.0,5204.0,6948.0,60.7,0.0,0.0,42.0,225.0,7.0,6.0,0.0,7.0,,2.0,,1.0,7.0,11.0,7.0,7.0,3.0,11.0,11.0,11.0,14.0,0.0,0.0,0.0,3.0,93.3,28.6,0.0,0.0,91348.0,67646.0,17700.0,66148.0,42959.0,Apr-1990,0.0,0.0,24.0,73.4,2.0,25.0,0.0,2.0,25.0,N,,,,,,,,,,,,,,,DirectPay,N,,,,,,
83,,,6500,6500,6500.0, 36 months,10.72,211.95,B,B2,Dealer ,< 1 year,RENT,50000.0,Not Verified,Dec-2018,Current,n,,,debt_consolidation,Debt consolidation,902xx,CA,24.29,0.0,Mar-2014,2.0,,,8.0,0.0,5724,40.3,10.0,w,6190.86,6190.86,418.09,418.09,309.14,108.95,0.0,0.0,0.0,Feb-2019,211.95,Mar-2019,Feb-2019,0.0,,1,Individual,,,,0.0,0.0,39496.0,0.0,1.0,1.0,2.0,7.0,33772.0,,1.0,2.0,1588.0,40.0,14200.0,0.0,0.0,3.0,4.0,5642.0,3083.0,46.8,0.0,0.0,56.0,57.0,12.0,7.0,0.0,12.0,,4.0,,0.0,4.0,6.0,4.0,4.0,3.0,7.0,7.0,6.0,8.0,0.0,0.0,0.0,2.0,100.0,0.0,0.0,0.0,50022.0,39496.0,5800.0,35822.0,,,,,,,,,,,,N,,,,,,,,,,,,,,,DirectPay,N,,,,,,
84,,,25000,25000,25000.0, 36 months,16.91,890.2,C,C5,OFFICE MANAGER,10+ years,RENT,95000.0,Source Verified,Dec-2018,Current,n,,,debt_consolidation,Debt consolidation,906xx,CA,13.78,0.0,Feb-2003,0.0,,,7.0,0.0,28594,48.2,11.0,w,23920.39,23920.39,1745.17,1745.17,1079.61,665.56,0.0,0.0,0.0,Feb-2019,890.2,Mar-2019,Feb-2019,0.0,,1,Individual,,,,0.0,0.0,56546.0,0.0,3.0,2.0,2.0,7.0,27952.0,70.0,0.0,1.0,10727.0,57.0,59300.0,1.0,0.0,1.0,3.0,8078.0,30706.0,48.2,0.0,0.0,133.0,190.0,20.0,7.0,0.0,20.0,,7.0,,0.0,4.0,4.0,4.0,5.0,6.0,4.0,5.0,4.0,7.0,0.0,0.0,0.0,2.0,100.0,0.0,0.0,0.0,99381.0,56546.0,59300.0,40081.0,,,,,,,,,,,,N,,,,,,,,,,,,,,,Cash,N,,,,,,
85,,,8000,8000,8000.0, 36 months,10.72,260.86,B,B2,Goldsmith,2 years,RENT,95000.0,Not Verified,Dec-2018,Current,n,,,credit_card,Credit card refinancing,612xx,IL,10.47,0.0,Sep-2002,2.0,,34.0,17.0,1.0,14156,35.9,34.0,w,7810.6,7810.6,258.48,258.48,189.4,69.08,0.0,0.0,0.0,Feb-2019,265.63,Mar-2019,Feb-2019,0.0,,1,Individual,,,,0.0,0.0,25875.0,1.0,2.0,1.0,1.0,7.0,11719.0,73.0,6.0,11.0,3232.0,47.0,39400.0,0.0,3.0,5.0,12.0,1522.0,1890.0,79.2,0.0,0.0,135.0,195.0,4.0,4.0,0.0,8.0,,4.0,,0.0,3.0,12.0,3.0,8.0,6.0,15.0,28.0,12.0,17.0,0.0,0.0,0.0,7.0,100.0,66.7,1.0,0.0,55400.0,25875.0,9100.0,16000.0,,,,,,,,,,,,N,,,,,,,,,,,,,,,DirectPay,N,,,,,,
86,,,21000,21000,21000.0, 60 months,15.02,499.81,C,C3,Lpn,5 years,OWN,50000.0,Source Verified,Dec-2018,Current,n,,,debt_consolidation,Debt consolidation,444xx,OH,0.0,0.0,Aug-2007,0.0,,11.0,5.0,3.0,0,0.0,17.0,w,20523.11,20523.11,973.34,973.34,476.89,496.45,0.0,0.0,0.0,Feb-2019,499.81,Mar-2019,Feb-2019,0.0,,1,Individual,,,,0.0,0.0,16802.0,1.0,1.0,0.0,0.0,32.0,16802.0,84.0,2.0,3.0,0.0,75.0,2300.0,3.0,0.0,2.0,3.0,3360.0,1000.0,0.0,0.0,0.0,126.0,136.0,3.0,3.0,0.0,19.0,,10.0,,0.0,0.0,0.0,1.0,3.0,6.0,4.0,11.0,0.0,5.0,0.0,0.0,0.0,2.0,100.0,0.0,3.0,0.0,22300.0,16802.0,1000.0,20000.0,,,,,,,,,,,,N,,,,,,,,,,,,,,,Cash,N,,,,,,
87,,,10000,10000,10000.0, 36 months,14.47,344.07,C,C2,Teacher ,10+ years,RENT,47000.0,Source Verified,Dec-2018,Current,n,,,credit_card,Credit card refinancing,283xx,NC,15.25,0.0,Jul-1996,3.0,36.0,,12.0,0.0,10299,58.2,28.0,w,9776.51,9776.51,340.05,340.05,223.49,116.56,0.0,0.0,0.0,Feb-2019,352.11,Mar-2019,Feb-2019,0.0,36.0,1,Individual,,,,0.0,0.0,10299.0,6.0,0.0,0.0,0.0,47.0,0.0,,9.0,14.0,2981.0,58.0,17700.0,0.0,0.0,3.0,14.0,858.0,2660.0,72.6,0.0,0.0,47.0,174.0,1.0,1.0,0.0,5.0,71.0,1.0,71.0,2.0,5.0,11.0,5.0,10.0,1.0,12.0,26.0,11.0,12.0,0.0,0.0,0.0,9.0,92.9,60.0,0.0,0.0,17700.0,10299.0,9700.0,0.0,,,,,,,,,,,,N,,,,,,,,,,,,,,,Cash,N,,,,,,
88,,,7500,7500,7500.0, 36 months,16.14,264.2,C,C4,lab tech,10+ years,OWN,50000.0,Source Verified,Dec-2018,Current,n,,,home_improvement,Home improvement,280xx,NC,16.11,0.0,Nov-2014,0.0,,,10.0,0.0,8064,33.7,14.0,w,7171.15,7171.15,518.31,518.31,328.85,189.46,0.0,0.0,0.0,Feb-2019,264.2,Mar-2019,Feb-2019,0.0,,1,Individual,,,,0.0,127.0,19324.0,1.0,2.0,1.0,2.0,4.0,11260.0,71.0,0.0,1.0,2387.0,49.0,23900.0,0.0,1.0,2.0,3.0,1932.0,9836.0,45.1,0.0,0.0,38.0,49.0,24.0,4.0,0.0,31.0,,1.0,,0.0,5.0,5.0,6.0,6.0,5.0,8.0,9.0,5.0,10.0,0.0,0.0,0.0,1.0,100.0,0.0,0.0,0.0,39859.0,19324.0,17900.0,15959.0,,,,,,,,,,,,N,,,,,,,,,,,,,,,Cash,N,,,,,,
89,,,30000,30000,30000.0, 36 months,16.91,1068.24,C,C5,customer service,10+ years,RENT,40000.0,Verified,Dec-2018,Current,n,,,debt_consolidation,Debt consolidation,088xx,NJ,16.44,0.0,Jan-1991,0.0,,,12.0,0.0,17964,38.4,26.0,w,28699.92,28699.92,2094.2,2094.2,1300.08,794.12,0.0,0.0,0.0,Feb-2019,1068.24,Mar-2019,Feb-2019,0.0,,1,Individual,,,,0.0,0.0,29801.0,1.0,1.0,0.0,0.0,29.0,11837.0,79.0,4.0,4.0,9000.0,48.0,46800.0,0.0,0.0,1.0,4.0,2483.0,18636.0,49.1,0.0,0.0,101.0,335.0,5.0,5.0,0.0,8.0,,8.0,,0.0,4.0,4.0,6.0,14.0,5.0,11.0,21.0,4.0,12.0,0.0,0.0,0.0,4.0,100.0,50.0,0.0,0.0,61800.0,29801.0,36600.0,15000.0,,,,,,,,,,,,N,,,,,,,,,,,,,,,Cash,N,,,,,,
90,,,3775,3775,3775.0, 36 months,13.56,128.22,C,C1,,,OWN,5000.0,Source Verified,Dec-2018,Current,n,,,home_improvement,Home improvement,425xx,KY,66.86,0.0,Aug-1998,0.0,,63.0,4.0,1.0,2130,40.2,12.0,w,3689.43,3689.43,128.22,128.22,85.57,42.65,0.0,0.0,0.0,Feb-2019,132.49,Mar-2019,Feb-2019,0.0,,1,Joint App,29000.0,17.51,Source Verified,0.0,0.0,5807.0,0.0,1.0,0.0,0.0,26.0,3677.0,40.0,0.0,0.0,1083.0,40.0,5300.0,1.0,0.0,4.0,0.0,1452.0,174.0,92.1,0.0,0.0,116.0,244.0,50.0,26.0,0.0,50.0,,3.0,,0.0,2.0,3.0,2.0,4.0,6.0,3.0,6.0,3.0,4.0,0.0,0.0,0.0,0.0,100.0,100.0,1.0,0.0,14392.0,5807.0,2200.0,9092.0,2812.0,Oct-2006,0.0,0.0,4.0,90.3,2.0,3.0,0.0,0.0,37.0,N,,,,,,,,,,,,,,,Cash,N,,,,,,
91,,,5600,5600,5600.0, 36 months,11.31,184.17,B,B3,,,RENT,20166.0,Not Verified,Dec-2018,Current,n,,,debt_consolidation,Debt consolidation,066xx,CT,39.58,0.0,Sep-1988,0.0,,,4.0,0.0,14651,87.2,17.0,w,5335.98,5335.98,363.06,363.06,264.02,99.04,0.0,0.0,0.0,Feb-2019,184.17,Mar-2019,Feb-2019,0.0,,1,Individual,,,,0.0,0.0,17115.0,0.0,1.0,0.0,1.0,15.0,2464.0,68.0,0.0,0.0,9916.0,84.0,16800.0,0.0,0.0,0.0,1.0,4279.0,649.0,95.8,0.0,0.0,147.0,363.0,46.0,15.0,2.0,46.0,,,,0.0,2.0,2.0,2.0,5.0,5.0,3.0,10.0,2.0,4.0,0.0,0.0,0.0,0.0,100.0,100.0,0.0,0.0,20400.0,17115.0,15300.0,3600.0,,,,,,,,,,,,N,,,,,,,,,,,,,,,Cash,N,,,,,,
92,,,6000,6000,6000.0, 36 months,16.14,211.36,C,C4,Facility Maintenance Tech,3 years,RENT,40000.0,Source Verified,Dec-2018,Current,n,,,other,Other,217xx,MD,3.75,0.0,Aug-2008,0.0,,,9.0,0.0,5580,10.4,15.0,w,5736.92,5736.92,414.65,414.65,263.08,151.57,0.0,0.0,0.0,Feb-2019,211.36,Mar-2019,Feb-2019,0.0,,1,Individual,,,,0.0,924.0,6785.0,0.0,0.0,0.0,0.0,,0.0,,1.0,2.0,4230.0,12.0,53800.0,1.0,0.0,1.0,3.0,754.0,42920.0,11.5,0.0,0.0,,124.0,10.0,10.0,0.0,53.0,,0.0,,0.0,2.0,2.0,4.0,7.0,0.0,8.0,14.0,2.0,9.0,0.0,0.0,0.0,1.0,100.0,0.0,0.0,0.0,55383.0,6785.0,48500.0,0.0,,,,,,,,,,,,N,,,,,,,,,,,,,,,Cash,N,,,,,,
93,,,16000,16000,16000.0, 36 months,15.02,554.81,C,C3,Plumber,4 years,OWN,50000.0,Source Verified,Dec-2018,Current,n,,,debt_consolidation,Debt consolidation,368xx,AL,17.79,0.0,Dec-2007,0.0,35.0,,11.0,0.0,10108,65.2,23.0,w,15286.48,15286.48,1089.59,1089.59,713.52,376.07,0.0,0.0,0.0,Feb-2019,554.81,Mar-2019,Feb-2019,0.0,72.0,1,Individual,,,,0.0,0.0,28254.0,0.0,2.0,1.0,3.0,8.0,18146.0,79.0,0.0,3.0,2475.0,74.0,15500.0,0.0,6.0,1.0,6.0,2825.0,2847.0,74.1,0.0,0.0,132.0,120.0,13.0,8.0,0.0,13.0,35.0,8.0,35.0,0.0,5.0,7.0,6.0,8.0,9.0,9.0,14.0,7.0,11.0,0.0,0.0,0.0,1.0,82.6,66.7,0.0,0.0,38363.0,28254.0,11000.0,22863.0,,,,,,,,,,,,N,,,,,,,,,,,,,,,DirectPay,N,,,,,,
94,,,15000,15000,15000.0, 36 months,16.14,528.4,C,C4,asst.mgr,3 years,RENT,60000.0,Source Verified,Dec-2018,Current,n,,,credit_card,Credit card refinancing,301xx,GA,18.86,0.0,Aug-2008,1.0,,,11.0,0.0,5311,49.2,24.0,w,14342.31,14342.31,1036.62,1036.62,657.69,378.93,0.0,0.0,0.0,Feb-2019,528.4,Mar-2019,Feb-2019,0.0,,1,Individual,,,,0.0,0.0,29454.0,2.0,2.0,4.0,6.0,7.0,24143.0,78.0,3.0,7.0,2155.0,70.0,10800.0,2.0,0.0,5.0,13.0,2678.0,3158.0,55.5,0.0,0.0,124.0,118.0,1.0,1.0,0.0,1.0,,1.0,,0.0,3.0,7.0,4.0,5.0,14.0,9.0,10.0,7.0,11.0,0.0,0.0,0.0,7.0,100.0,0.0,0.0,0.0,41884.0,29454.0,7100.0,31084.0,,,,,,,,,,,,N,,,,,,,,,,,,,,,Cash,N,,,,,,
95,,,21000,21000,21000.0, 60 months,15.02,499.81,C,C3,Police Captain,10+ years,RENT,109000.0,Not Verified,Dec-2018,Current,n,,,debt_consolidation,Debt consolidation,537xx,WI,23.25,0.0,Sep-1997,2.0,66.0,,7.0,0.0,2472,6.2,19.0,w,20523.11,20523.11,973.34,973.34,476.89,496.45,0.0,0.0,0.0,Feb-2019,499.81,Mar-2019,Feb-2019,0.0,70.0,1,Individual,,,,0.0,0.0,70738.0,2.0,4.0,2.0,4.0,4.0,68266.0,76.0,0.0,0.0,1165.0,41.0,39700.0,2.0,0.0,2.0,4.0,10105.0,37228.0,6.2,0.0,0.0,127.0,255.0,35.0,4.0,0.0,35.0,70.0,6.0,70.0,1.0,3.0,3.0,3.0,4.0,15.0,3.0,4.0,3.0,7.0,0.0,0.0,0.0,2.0,84.2,0.0,0.0,0.0,119923.0,70738.0,39700.0,80223.0,,,,,,,,,,,,N,,,,,,,,,,,,,,,Cash,N,,,,,,
96,,,25000,25000,25000.0, 60 months,20.89,674.79,D,D4,Veterinary Assistant ,1 year,MORTGAGE,70000.0,Not Verified,Dec-2018,Current,n,,,debt_consolidation,Debt consolidation,273xx,NC,26.08,0.0,Jan-2000,0.0,,,12.0,0.0,43749,80.0,19.0,w,24516.67,24516.67,1306.06,1306.06,483.33,822.73,0.0,0.0,0.0,Feb-2019,674.79,Mar-2019,Feb-2019,0.0,,1,Individual,,,,0.0,0.0,160400.0,0.0,0.0,0.0,0.0,219.0,0.0,0.0,0.0,1.0,10550.0,80.0,54554.0,0.0,1.0,0.0,1.0,13366.0,4426.0,103.0,0.0,0.0,219.0,227.0,13.0,13.0,1.0,13.0,,13.0,,0.0,6.0,11.0,10.0,10.0,1.0,11.0,17.0,11.0,12.0,,0.0,0.0,0.0,100.0,100.0,0.0,0.0,184656.0,43749.0,26554.0,0.0,,,,,,,,,,,,N,,,,,,,,,,,,,,,Cash,N,,,,,,
97,,,1000,1000,975.0, 36 months,8.19,31.43,A,A4,Project manager,10+ years,MORTGAGE,78000.0,Source Verified,Dec-2018,Current,n,,,other,Other,980xx,WA,8.58,0.0,Jan-2005,1.0,36.0,,10.0,0.0,7233,18.0,26.0,f,950.62,926.86,62.18,60.63,49.38,12.8,0.0,0.0,0.0,Feb-2019,31.43,Mar-2019,Feb-2019,0.0,,1,Individual,,,,0.0,738.0,289602.0,3.0,1.0,0.0,2.0,14.0,12074.0,59.0,4.0,4.0,6462.0,32.0,40100.0,3.0,5.0,3.0,8.0,28960.0,21656.0,24.8,0.0,0.0,138.0,167.0,1.0,1.0,3.0,4.0,,1.0,36.0,0.0,3.0,4.0,4.0,6.0,11.0,8.0,12.0,4.0,10.0,0.0,0.0,0.0,5.0,92.3,0.0,0.0,0.0,331993.0,19307.0,28800.0,20593.0,,,,,,,,,,,,N,,,,,,,,,,,,,,,Cash,N,,,,,,
98,,,16000,16000,16000.0, 60 months,20.89,431.87,D,D4,Regional Manager,10+ years,RENT,200000.0,Verified,Dec-2018,Current,n,,,credit_card,Credit card refinancing,282xx,NC,14.42,0.0,Feb-2007,0.0,,,17.0,0.0,14270,87.5,20.0,w,15690.66,15690.66,835.89,835.89,309.34,526.55,0.0,0.0,0.0,Feb-2019,431.87,Mar-2019,Feb-2019,0.0,,1,Individual,,,,0.0,0.0,68613.0,0.0,5.0,2.0,3.0,8.0,54343.0,78.0,0.0,1.0,1459.0,79.0,16300.0,4.0,0.0,6.0,4.0,4036.0,1213.0,81.6,0.0,0.0,49.0,142.0,18.0,8.0,0.0,18.0,,8.0,,0.0,5.0,12.0,5.0,5.0,5.0,12.0,15.0,12.0,17.0,0.0,0.0,0.0,2.0,100.0,80.0,0.0,0.0,86399.0,68613.0,6600.0,70099.0,,,,,,,,,,,,N,,,,,,,,,,,,,,,Cash,N,,,,,,
99,,,8500,8500,8500.0, 36 months,16.91,302.67,C,C5,DIRECT CARE PROVIDER,7 years,MORTGAGE,70200.0,Not Verified,Dec-2018,Current,n,,,debt_consolidation,Debt consolidation,226xx,VA,3.62,4.0,Dec-2005,1.0,6.0,,9.0,0.0,5721,27.0,33.0,w,8131.64,8131.64,593.36,593.36,368.36,225.0,0.0,0.0,0.0,Feb-2019,302.67,Mar-2019,Dec-2018,2.0,7.0,1,Individual,,,,0.0,3632.0,195134.0,0.0,0.0,0.0,0.0,47.0,0.0,0.0,2.0,4.0,4233.0,27.0,21124.0,1.0,0.0,4.0,4.0,21681.0,3131.0,46.0,0.0,0.0,146.0,156.0,9.0,9.0,1.0,12.0,27.0,1.0,6.0,0.0,4.0,8.0,4.0,6.0,9.0,8.0,23.0,2.0,9.0,,0.0,2.0,2.0,88.0,0.0,0.0,0.0,221124.0,5721.0,12524.0,0.0,,,,,,,,,,,,N,,,,,,,,,,,,,,,Cash,N,,,,,,
